Year,Community_Name,City,LACity,SPA,SD,DemogSurvCt,YouthSurvCt,SheltHmisCt,totStreetSingAdult,totStreetFamHH,totStreetFamMem,totCars,totVans,totCampers,totTents,totMakeshift,totCarPeople,totVanPeople,totCamperPeople,totTentPeople,totMakeshiftPeople,FamCarHH,FamVanHH,FamCamperHH,FamTentHH,FamMakeshiftHH,FamCarPeople,FamVanPeople,FamCamperPeople,FamTentPeople,FamMakeshiftPeople,IndCarPeople,IndVanPeople,IndCamperPeople,IndTentPeople,IndMakeshiftPeople,totESAdultSingAdult,totESAdultFamHH,totESAdultFamMem,totESYouthSingYouth,totESYouthFamHH,totESYouthFamMem,totESYouthUnaccYouth,totTHAdultSingAdult,totTHAdultFamHH,totTHAdultFamMem,totTHYouthSingYouth,totTHYouthFamHH,totTHYouthFamMem,totTHYouthUnaccYouth,totSHAdultSingAdult,totSHAdultFamHH,totSHAdultFamMem,totSHYouthSingYouth,totSHYouthFamHH,totSHYouthFamMem,totSHYouthUnaccYouth,totUnsheltPeople,totESPeople,totTHPeople,totSHPeople,totSheltPeople,totPeople
2018,Adams,Los Angeles,1,6,2,41,5,2,59,1,3,15,23,18,1,6,24,37,33,2,10,1,1,1,0,0,3,2,3,0,0,21,36,30,1,10,89,0,0,0,0,0,0,0,0,0,2,0,0,0,0,0,0,0,0,0,0,168,89,2,0,91,259
2018,Adams-La Brea,Los Angeles,1,6,2,32,5,0,44,0,0,13,18,16,3,30,21,29,29,5,50,1,1,1,0,0,2,1,2,0,1,19,28,27,4,49,0,0,0,0,0,0,0,0,0,0,0,0,0,0,0,0,0,0,0,0,0,179,0,0,0,0,179
2018,Agoura Hills,Agoura Hills,0,2,3,0,0,0,0,0,0,0,1,0,0,0,0,2,0,0,0,0,0,0,0,0,0,0,0,0,0,0,2,0,0,0,0,0,0,0,0,0,0,0,0,0,0,0,0,0,0,0,0,0,0,0,0,2,0,0,0,0,2
2018,Agua Dulce,Agua Dulce,0,2,5,0,0,0,14,0,0,1,0,8,1,4,2,0,15,2,7,0,0,0,0,0,0,0,1,0,0,1,0,14,1,7,0,0,0,0,0,0,0,0,0,0,0,0,0,0,0,0,0,0,0,0,0,38,0,0,0,0,38
2018,Alhambra,Alhambra,0,3,5,0,0,15,15,0,0,1,2,3,0,7,2,3,5,0,12,0,0,0,0,0,0,0,0,0,0,1,3,5,0,11,0,0,0,0,0,0,0,0,0,0,15,0,0,0,0,0,0,0,0,0,0,37,0,15,0,15,52
2018,Alondra Park,Alondra Park,0,8,2,0,0,0,7,0,0,9,3,5,1,3,15,5,9,2,5,1,0,0,0,0,2,0,1,0,0,13,5,8,1,5,0,0,0,0,0,0,0,0,0,0,0,0,0,0,0,0,0,0,0,0,0,42,0,0,0,0,42
2018,Altadena,Altadena,0,3,5,10,0,5,3,0,0,3,4,8,0,1,5,7,15,0,2,0,0,0,0,0,1,0,1,0,0,4,6,14,0,2,0,0,0,0,0,0,0,0,0,0,25,0,0,0,0,0,0,0,0,0,0,31,0,25,0,25,56
2018,Angeles National Forest,Los Angeles,1,2,3,6,0,0,3,0,0,4,1,11,0,3,6,2,20,0,5,0,0,0,0,0,1,0,2,0,0,6,2,19,0,5,0,0,0,0,0,0,0,0,0,0,0,0,0,0,0,0,0,0,0,0,0,36,0,0,0,0,36
2018,Arcadia,Arcadia,0,3,5,3,0,0,1,0,0,0,0,1,0,0,0,0,2,0,0,0,0,0,0,0,0,0,0,0,0,0,0,2,0,0,0,0,0,0,0,0,0,0,0,0,0,0,0,0,0,0,0,0,0,0,0,3,0,0,0,0,3
2018,Arleta,Los Angeles,1,2,3,24,10,0,7,0,0,6,9,24,0,3,10,15,44,0,5,0,0,1,0,0,1,1,3,0,0,9,14,41,0,5,0,0,0,0,0,0,0,0,0,0,0,0,0,0,0,0,0,0,0,0,0,80,0,0,0,0,80
2018,Arroyo Seco,Los Angeles,1,4,1,1,0,0,23,0,0,18,29,28,4,17,29,47,51,6,28,1,1,1,0,0,3,2,4,0,1,26,45,47,6,28,0,0,0,0,0,0,0,0,0,0,0,0,0,0,0,0,0,0,0,0,0,185,0,0,0,0,185
2018,Artesia,Artesia,0,7,4,0,0,0,8,0,0,0,3,1,0,1,0,5,2,0,2,0,0,0,0,0,0,0,0,0,0,0,5,2,0,2,0,0,0,0,0,0,0,0,0,0,0,0,0,0,0,0,0,0,0,0,0,16,0,0,0,0,16
2018,Atwater Village,Los Angeles,1,4,1,1,0,0,26,0,0,9,10,16,3,12,15,16,29,5,20,1,0,1,0,0,2,1,2,0,0,13,16,27,4,20,0,0,0,0,0,0,0,0,0,0,0,0,0,0,0,0,0,0,0,0,0,111,0,0,0,0,111
2018,Avalon,Avalon,0,8,4,0,0,0,19,0,0,1,0,0,0,9,2,0,0,0,15,0,0,0,0,0,0,0,0,0,0,1,0,0,0,15,6,0,0,0,0,0,0,0,0,0,0,0,0,0,0,0,0,0,0,0,0,36,6,0,0,6,42
2018,Avocado Heights,Avocado Heights,0,3,1,6,0,1,17,0,0,0,1,0,3,6,0,2,0,5,10,0,0,0,0,0,0,0,0,0,0,0,2,0,4,10,0,0,0,0,0,0,0,0,0,0,0,0,0,0,0,0,0,0,0,0,0,33,0,0,0,0,33
2018,Azusa,Azusa,0,3,1,22,0,0,88,0,0,3,1,17,0,20,5,2,31,0,34,0,0,1,0,0,1,0,2,0,1,4,2,29,0,33,0,0,0,0,0,0,0,0,0,0,0,0,0,0,0,0,0,0,0,0,0,159,0,0,0,0,159
2018,Baldwin Hills / Crenshaw,Los Angeles,1,6,2,78,5,64,84,2,8,30,29,61,6,15,49,47,112,9,25,2,1,3,0,0,6,2,9,0,1,43,45,103,9,25,0,0,0,25,0,0,0,0,0,0,8,0,0,0,0,0,0,0,0,0,0,334,25,8,0,33,367
2018,Baldwin Park,Baldwin Park,0,3,1,20,1,0,107,0,0,14,10,19,31,36,23,16,35,47,60,1,0,1,1,1,3,1,3,2,1,20,16,32,46,59,0,0,0,0,0,0,0,0,0,0,0,0,0,0,0,0,0,0,0,0,0,288,0,0,0,0,288
2018,Bel Air-Beverly Crest,Los Angeles,1,4,3,13,1,0,5,0,0,0,0,2,1,2,0,0,4,2,3,0,0,0,0,0,0,0,0,0,0,0,0,3,1,3,0,0,0,0,0,0,0,0,0,0,0,0,0,0,0,0,0,0,0,0,0,14,0,0,0,0,14
2018,Bell,Bell,0,7,1,15,0,300,31,1,3,2,3,13,1,8,3,5,24,2,13,0,0,1,0,0,0,0,2,0,0,3,5,22,1,13,132,0,0,6,0,0,0,206,0,0,3,0,0,0,3,0,0,0,0,0,0,81,138,209,3,350,431
2018,Bell Gardens,Bell Gardens,0,7,1,11,6,0,45,0,0,4,4,16,3,8,6,7,29,5,13,0,0,1,0,0,1,0,2,0,0,6,6,27,4,13,0,0,0,0,0,0,0,0,0,0,0,0,0,0,0,0,0,0,0,0,0,105,0,0,0,0,105
2018,Bellflower,Bellflower,0,7,4,72,1,0,36,0,0,9,2,11,7,14,15,3,20,11,23,1,0,0,0,0,2,0,2,0,1,13,3,19,10,23,0,0,0,0,0,0,0,26,0,0,1,0,0,0,0,0,0,0,0,0,0,108,0,27,0,27,135
2018,Beverly Hills,Beverly Hills,0,5,3,0,0,0,15,0,0,0,1,0,0,1,0,2,0,0,2,0,0,0,0,0,0,0,0,0,0,0,2,0,0,2,0,0,0,0,0,0,0,0,0,0,0,0,0,0,0,0,0,0,0,0,0,18,0,0,0,0,18
2018,Boyle Heights,Los Angeles,1,4,1,52,7,221,136,0,0,27,39,70,11,38,44,63,128,17,64,2,1,3,0,1,5,3,10,1,1,39,61,118,16,62,62,9,33,11,0,0,0,2,0,0,24,0,0,0,0,0,0,0,0,0,0,452,106,26,0,132,584
2018,Bradbury,Bradbury,0,3,5,0,0,0,0,0,0,0,0,0,0,0,0,0,0,0,0,0,0,0,0,0,0,0,0,0,0,0,0,0,0,0,0,0,0,0,0,0,0,0,0,0,0,0,0,0,0,0,0,0,0,0,0,0,0,0,0,0,0
2018,Brentwood,Los Angeles,1,5,3,0,0,0,21,0,0,3,2,0,0,3,5,3,0,0,5,0,0,0,0,0,1,0,0,0,0,4,3,0,0,5,0,0,0,0,0,0,0,0,0,0,0,0,0,0,0,0,0,0,0,0,0,34,0,0,0,0,34
2018,Burbank,Burbank,0,2,5,33,0,0,36,0,0,21,35,20,2,5,34,57,37,3,8,1,1,1,0,0,4,2,3,0,0,30,55,34,3,8,0,0,0,0,0,0,0,0,6,20,5,0,0,0,0,0,0,0,0,0,0,175,0,25,0,25,200
2018,Calabasas,Calabasas,0,2,3,0,0,0,0,0,0,0,0,0,0,0,0,0,0,0,0,0,0,0,0,0,0,0,0,0,0,0,0,0,0,0,0,0,0,0,0,0,0,0,0,0,0,0,0,0,0,0,0,0,0,0,0,0,0,0,0,0,0
2018,Calabasas and Hidden Hills,Calabasas and Hidden Hills,0,2,3,0,0,0,0,0,0,0,1,0,0,0,0,2,0,0,0,0,0,0,0,0,0,0,0,0,0,0,2,0,0,0,0,0,0,0,0,0,0,0,0,0,0,0,0,0,0,0,0,0,0,0,0,2,0,0,0,0,2
2018,Canoga Park,Los Angeles,1,2,5,24,4,0,29,0,0,11,6,42,6,8,18,10,77,9,13,1,0,2,0,0,2,0,6,0,0,16,9,71,9,13,0,0,0,0,0,0,0,0,0,0,0,0,0,0,0,0,0,0,0,0,0,156,0,0,0,0,156
2018,Canyon Country,Canyon Country,0,2,5,0,0,0,0,0,0,1,0,1,0,0,2,0,2,0,0,0,0,0,0,0,0,0,0,0,0,1,0,2,0,0,0,0,0,0,0,0,0,0,0,0,0,0,0,0,0,0,0,0,0,0,0,3,0,0,0,0,3
2018,Carson,Carson,0,8,2,50,6,0,32,0,0,53,38,127,9,21,86,62,233,14,35,3,1,5,0,0,10,3,18,1,1,76,59,214,13,34,0,0,0,0,0,0,0,0,0,0,0,0,0,0,0,0,0,0,0,0,0,461,0,0,0,0,461
2018,Central Alameda,Los Angeles,1,6,2,6,0,0,41,0,0,20,17,21,6,24,32,28,38,9,40,1,0,1,0,0,4,1,3,0,1,29,27,35,9,39,0,0,0,0,0,0,0,0,0,0,0,0,0,0,0,0,0,0,0,0,0,189,0,0,0,0,189
2018,Cerritos,Cerritos,0,7,4,0,1,0,13,0,0,4,3,1,7,13,6,5,2,11,22,0,0,0,0,0,1,0,0,0,0,6,5,2,10,21,0,0,0,0,0,0,0,0,0,0,0,0,0,0,0,0,0,0,0,0,0,59,0,0,0,0,59
2018,Charter Oak,Charter Oak,0,3,5,0,0,16,1,0,0,3,1,4,0,2,5,2,7,0,3,0,0,0,0,0,1,0,1,0,0,4,2,7,0,3,0,0,0,0,0,0,0,0,0,0,0,0,0,0,0,0,0,0,0,0,0,18,0,0,0,0,18
2018,Chatsworth,Los Angeles,1,2,5,10,0,0,12,0,0,6,2,63,2,2,10,3,115,3,3,0,0,3,0,0,1,0,9,0,0,9,3,106,3,3,0,0,0,0,0,0,0,0,0,0,15,0,0,0,0,0,0,0,0,0,0,147,0,15,0,15,162
2018,Chinatown,Los Angeles,1,4,1,0,11,11,152,5,10,8,8,15,49,58,13,13,27,75,97,0,0,1,1,1,1,1,2,3,2,11,12,25,72,95,0,0,0,0,0,0,0,10,0,0,0,0,0,0,0,0,0,0,0,0,0,387,0,10,0,10,397
2018,Citrus,Citrus,0,3,1,0,0,0,0,0,0,0,0,0,0,0,0,0,0,0,0,0,0,0,0,0,0,0,0,0,0,0,0,0,0,0,0,0,0,0,0,0,0,0,0,0,0,0,0,0,0,0,0,0,0,0,0,0,0,0,0,0,0
2018,Claremont,Claremont,0,3,1,0,2,0,15,0,0,0,0,2,0,1,0,0,4,0,2,0,0,0,0,0,0,0,0,0,0,0,0,3,0,2,9,0,0,0,0,0,0,0,0,0,0,0,0,0,0,0,0,0,0,0,0,20,9,0,0,9,29
2018,Commerce,Commerce,0,7,1,29,0,1,16,1,7,5,10,68,3,2,8,16,125,5,3,0,0,3,0,0,1,1,10,0,0,7,16,115,4,3,0,0,0,0,0,0,0,38,0,0,0,0,0,0,0,0,0,0,0,0,0,180,0,38,0,38,218
2018,Compton,Compton,0,6,2,4,6,0,69,0,0,41,26,66,4,28,66,42,121,6,47,3,1,3,0,0,8,2,9,0,1,59,41,111,6,46,42,0,0,0,0,0,0,0,0,0,0,0,0,0,0,0,0,0,0,0,0,352,42,0,0,42,394
2018,Covina,Unincorporated Covina,0,3,5,12,0,2,30,0,0,15,6,9,0,6,24,10,16,0,10,1,0,0,0,0,3,0,1,0,0,21,9,15,0,10,0,0,0,0,0,0,0,0,1,5,0,1,2,0,0,0,0,0,0,0,0,91,0,7,0,7,98
2018,Cudahy,Cudahy,0,7,1,0,5,0,13,0,0,3,2,0,0,4,5,3,0,0,7,0,0,0,0,0,1,0,0,0,0,4,3,0,0,7,0,0,0,0,0,0,0,0,0,0,0,0,0,0,0,0,0,0,0,0,0,28,0,0,0,0,28
2018,Culver City,Culver City,0,5,2,11,1,87,43,0,0,16,6,15,1,6,26,10,27,2,10,1,0,1,0,0,3,0,2,0,0,23,9,25,1,10,0,0,0,0,0,0,0,0,0,0,0,0,0,0,0,0,0,0,0,0,0,118,0,0,0,0,118
2018,Cypress Park,Los Angeles,1,4,1,0,0,0,8,0,0,3,2,14,2,5,5,3,26,3,8,0,0,1,0,0,1,0,2,0,0,4,3,24,3,8,0,0,0,0,0,0,0,0,0,0,0,0,0,0,0,0,0,0,0,0,0,53,0,0,0,0,53
2018,Del Aire,Del Aire,0,8,2,0,0,0,0,0,0,5,1,2,0,0,8,2,4,0,0,0,0,0,0,0,1,0,0,0,0,7,2,3,0,0,0,0,0,0,0,0,0,0,0,0,0,0,0,0,0,0,0,0,0,0,0,13,0,0,0,0,13
2018,Del Rey,Los Angeles,1,5,2,4,0,0,48,0,0,40,44,34,1,9,65,72,62,2,15,2,1,1,0,0,7,3,5,0,0,57,69,57,1,15,0,0,0,0,0,0,0,0,0,0,0,0,0,0,0,0,0,0,0,0,0,263,0,0,0,0,263
2018,Diamond Bar,Diamond Bar,0,3,4,0,0,0,0,0,0,0,0,2,0,0,0,0,4,0,0,0,0,0,0,0,0,0,0,0,0,0,0,3,0,0,0,0,0,0,0,0,0,0,0,0,0,0,0,0,0,0,0,0,0,0,0,4,0,0,0,0,4
2018,Downey,Downey,0,7,4,25,2,0,67,0,0,7,3,12,25,22,11,5,22,38,37,0,0,1,1,0,1,0,2,1,1,10,5,20,37,36,0,0,0,0,0,0,0,0,0,0,0,0,0,0,0,0,0,0,0,0,0,180,0,0,0,0,180
2018,Downtown Los Angeles,Los Angeles,1,4,1,244,20,651,533,0,0,21,30,34,249,241,34,49,62,380,404,1,1,1,5,4,4,2,5,14,9,30,47,57,366,395,34,11,41,1,0,0,0,14,0,0,0,0,0,0,0,0,0,0,0,0,0,1462,76,14,0,90,1552
2018,Duarte,Duarte,0,3,5,1,0,0,8,0,0,1,1,2,0,0,2,2,4,0,0,0,0,0,0,0,0,0,0,0,0,1,2,3,0,0,0,0,0,0,0,0,0,0,0,0,0,0,0,0,0,0,0,0,0,0,0,15,0,0,0,0,15
2018,Eagle Rock,Los Angeles,1,4,1,32,1,0,32,0,0,3,15,31,29,13,5,24,57,44,22,0,0,1,1,0,1,1,4,2,0,4,23,52,43,21,0,0,0,0,0,0,0,0,0,0,0,0,0,0,0,0,0,0,0,0,0,184,0,0,0,0,184
2018,East Los Angeles,East Los Angeles,0,7,1,45,1,0,67,0,0,27,31,66,4,27,44,50,121,6,45,2,1,3,0,0,5,2,9,0,1,39,48,111,6,44,0,0,0,0,0,0,0,0,0,0,26,0,0,0,0,0,0,0,0,0,0,333,0,26,0,26,359
2018,East Pasadena,East Pasadena,0,3,5,0,0,0,1,0,0,0,0,2,0,0,0,0,4,0,0,0,0,0,0,0,0,0,0,0,0,0,0,3,0,0,0,0,0,0,0,0,0,0,0,0,0,0,0,0,0,0,0,0,0,0,0,5,0,0,0,0,5
2018,East San Gabriel,East San Gabriel,0,3,5,0,0,0,3,0,0,0,0,1,0,1,0,0,2,0,2,0,0,0,0,0,0,0,0,0,0,0,0,2,0,2,0,0,0,0,0,0,0,0,0,0,0,0,0,0,0,0,0,0,0,0,0,7,0,0,0,0,7
2018,Echo Park,Los Angeles,1,4,1,56,4,43,83,0,0,22,37,38,79,71,36,60,70,121,119,1,1,2,2,1,4,3,5,5,3,32,58,64,116,116,0,0,0,0,0,0,0,250,22,68,0,4,9,0,0,0,0,0,0,0,0,488,0,327,0,327,815
2018,El Monte,El Monte,0,3,1,25,2,0,239,1,5,78,27,19,12,28,126,44,35,18,47,5,1,1,0,0,14,2,3,1,1,112,42,32,18,46,0,0,0,0,0,0,0,22,0,0,7,0,0,0,0,0,0,0,0,0,0,514,0,29,0,29,543
2018,El Segundo,El Segundo,0,8,4,4,0,0,9,0,0,0,1,1,0,1,0,2,2,0,2,0,0,0,0,0,0,0,0,0,0,0,2,2,0,2,0,0,0,0,0,0,0,0,0,0,0,0,0,0,0,0,0,0,0,0,0,14,0,0,0,0,14
2018,El Sereno,Los Angeles,1,4,1,0,3,0,31,0,0,7,5,18,1,5,11,8,33,2,8,0,0,1,0,0,1,0,3,0,0,10,8,30,1,8,0,0,0,0,0,0,0,0,0,0,0,0,0,0,0,0,0,0,0,0,0,93,0,0,0,0,93
2018,Elysian Valley,Los Angeles,1,4,1,0,0,0,6,0,0,2,1,6,1,7,3,2,11,2,12,0,0,0,0,0,0,0,1,0,0,3,2,10,1,11,0,0,0,0,0,0,0,0,0,0,0,0,0,0,0,0,0,0,0,0,0,35,0,0,0,0,35
2018,Encino,Los Angeles,1,2,3,1,0,0,11,0,0,7,1,3,0,3,11,2,5,0,5,0,0,0,0,0,1,0,0,0,0,10,2,5,0,5,0,0,0,0,0,0,0,0,0,0,0,0,0,0,0,0,0,0,0,0,0,34,0,0,0,0,34
2018,Florence-Graham,Florence-Graham,0,7,2,28,1,0,168,1,2,87,53,125,28,36,141,86,229,43,60,5,1,5,1,1,16,4,18,2,1,125,83,211,41,59,0,0,0,0,0,0,0,0,0,0,0,0,0,0,0,0,0,0,0,0,0,729,0,0,0,0,729
2018,Foothill Trails,Los Angeles,1,2,5,31,0,0,15,0,0,10,0,15,0,1,16,0,27,0,2,1,0,1,0,0,2,0,2,0,0,14,0,25,0,2,0,0,0,0,0,0,0,0,0,0,0,0,0,0,0,0,0,0,0,0,0,60,0,0,0,0,60
2018,Gardena,Gardena,0,8,2,16,2,0,11,0,0,7,6,7,0,1,11,10,13,0,2,0,0,0,0,0,1,0,1,0,0,10,9,12,0,2,0,0,0,0,0,0,0,0,0,0,0,0,0,0,0,0,0,0,0,0,0,47,0,0,0,0,47
2018,Glassell Park,Los Angeles,1,4,1,0,0,0,3,0,0,13,10,33,0,3,21,16,60,0,5,1,0,1,0,0,2,1,5,0,0,19,16,56,0,5,0,0,0,0,0,0,0,0,0,0,0,0,0,0,0,0,0,0,0,0,0,106,0,0,0,0,106
2018,Glendora,Glendora,0,3,5,3,0,606,19,0,0,9,2,4,0,11,15,3,7,0,18,1,0,0,0,0,2,0,1,0,0,13,3,7,0,18,0,0,0,0,0,0,0,0,0,0,0,0,0,0,0,0,0,0,0,0,0,63,0,0,0,0,63
2018,Granada Hills,Los Angeles,1,2,5,1,0,0,13,0,0,6,3,12,1,4,10,5,22,2,7,0,0,1,0,0,1,0,2,0,0,9,5,20,1,7,0,0,0,0,0,0,0,0,0,0,0,0,0,0,0,0,0,0,0,0,0,58,0,0,0,0,58
2018,Green Meadows,Los Angeles,1,6,2,31,1,11,170,1,5,27,28,38,5,4,44,46,70,8,7,2,1,2,0,0,5,2,5,0,0,39,44,64,7,7,256,0,0,13,0,0,0,0,0,0,0,0,0,0,0,0,0,0,0,0,0,348,269,0,0,269,617
2018,Hacienda Heights,Hacienda Heights,0,3,4,0,0,0,11,0,0,7,2,23,0,3,11,3,42,0,5,0,0,1,0,0,1,0,3,0,0,10,3,39,0,5,227,1,4,9,0,0,0,0,0,0,0,0,0,0,0,0,0,0,0,0,0,73,240,0,0,240,313
2018,Harbor City,Los Angeles,1,8,4,3,0,0,31,0,0,2,22,17,0,2,3,36,31,0,3,0,1,1,0,0,0,1,2,0,0,3,34,29,0,3,0,0,0,0,0,0,0,0,0,0,0,0,0,0,0,0,0,0,0,0,0,105,0,0,0,0,105
2018,Harbor Gateway,Los Angeles,1,6,2,24,2,0,8,1,3,7,4,42,20,25,11,7,77,31,42,0,0,2,0,0,1,0,6,1,1,10,6,71,29,41,0,0,0,0,0,0,0,0,0,0,0,0,0,0,0,0,0,0,0,0,0,178,0,0,0,0,178
2018,Hawaiian Gardens,Hawaiian Gardens,0,7,4,0,0,0,3,0,0,6,1,2,0,3,10,2,4,0,5,0,0,0,0,0,1,0,0,0,0,9,2,3,0,5,0,0,0,0,0,0,0,0,0,0,0,0,0,0,0,0,0,0,0,0,0,23,0,0,0,0,23
2018,Hawthorne,Hawthorne,0,8,2,16,5,7,53,0,0,21,11,0,0,18,34,18,0,0,30,1,0,0,0,0,4,1,0,0,1,30,17,0,0,30,0,0,0,0,0,0,0,0,0,0,3,0,0,0,0,0,0,0,0,0,0,135,0,3,0,3,138
2018,Hermosa Beach,Hermosa Beach,0,8,4,0,0,3,8,0,0,1,3,1,0,2,2,5,2,0,3,0,0,0,0,0,0,0,0,0,0,1,5,2,0,3,0,0,0,0,0,0,3,0,0,0,0,0,0,0,0,0,0,0,0,0,0,20,3,0,0,3,23
2018,Highland Park,Los Angeles,1,4,1,21,0,0,63,1,2,24,49,39,12,66,39,80,71,18,111,1,1,2,0,1,4,3,6,1,2,34,76,66,18,108,0,0,0,0,0,0,0,0,0,0,0,0,0,0,0,0,0,0,0,0,0,384,0,0,0,0,384
2018,Hollywood,Los Angeles,1,4,3,285,194,584,353,0,0,63,48,53,149,79,102,78,97,227,132,4,1,2,3,1,12,3,8,9,3,90,75,90,219,129,73,13,54,72,2,6,17,7,4,9,118,0,0,7,0,0,0,0,0,0,0,990,222,141,0,363,1353
2018,Hollywood Hills West,Los Angeles,1,2,3,53,8,6,87,0,0,7,3,4,6,8,11,5,7,9,13,0,0,0,0,0,1,0,1,0,0,10,5,7,9,13,0,0,0,0,0,0,0,0,0,0,0,0,0,0,0,0,0,0,0,0,0,133,0,0,0,0,133
2018,Huntington Park,Huntington Park,0,7,1,6,9,0,125,1,2,19,29,18,0,10,31,47,33,0,17,1,1,1,0,0,4,2,3,0,0,27,45,30,0,16,0,0,0,0,0,0,0,0,0,0,0,0,0,0,0,0,0,0,0,0,0,255,0,0,0,0,255
2018,Industry,City of Industry,0,3,4,14,0,0,12,0,0,1,0,5,3,4,2,0,9,5,7,0,0,0,0,0,0,0,1,0,0,1,0,8,4,7,0,0,0,0,0,0,0,0,0,0,0,0,0,0,0,0,0,0,0,0,0,34,0,0,0,0,34
2018,Inglewood,Inglewood,0,8,2,25,2,281,125,0,0,7,15,21,3,34,11,24,38,5,57,0,0,1,0,1,1,1,3,0,1,10,23,35,4,56,40,0,0,0,0,0,0,185,0,0,3,1,2,0,15,0,0,0,0,0,0,261,40,190,15,245,506
2018,Irwindale,Irwindale,0,3,1,0,4,0,16,0,0,0,0,0,3,2,0,0,0,5,3,0,0,0,0,0,0,0,0,0,0,0,0,0,4,3,0,0,0,0,0,0,0,0,0,0,0,0,0,0,0,0,0,0,0,0,0,24,0,0,0,0,24
2018,Kinneloa Mesa,Kinneloa Mesa,0,3,5,0,0,0,0,0,0,0,0,0,0,0,0,0,0,0,0,0,0,0,0,0,0,0,0,0,0,0,0,0,0,0,0,0,0,0,0,0,0,0,0,0,0,0,0,0,0,0,0,0,0,0,0,0,0,0,0,0,0
2018,La Cañada Flintridge,La Cañada Flintridge,0,2,5,0,0,0,0,0,0,0,0,0,0,0,0,0,0,0,0,0,0,0,0,0,0,0,0,0,0,0,0,0,0,0,0,0,0,0,0,0,0,0,0,0,0,0,0,0,0,0,0,0,0,0,0,0,0,0,0,0,0
2018,La Crescenta-Montrose,La Crescenta-Montrose,0,2,5,2,0,0,0,0,0,0,0,1,0,0,0,0,2,0,0,0,0,0,0,0,0,0,0,0,0,0,0,2,0,0,0,0,0,0,0,0,0,0,0,0,0,0,0,0,0,0,0,0,0,0,0,2,0,0,0,0,2
2018,La Habra Heights,La Habra Heights,0,7,4,0,0,0,0,0,0,0,0,0,0,0,0,0,0,0,0,0,0,0,0,0,0,0,0,0,0,0,0,0,0,0,0,0,0,0,0,0,0,0,0,0,0,0,0,0,0,0,0,0,0,0,0,0,0,0,0,0,0
2018,La Mirada,La Mirada,0,7,4,15,0,0,8,0,0,9,2,9,0,6,15,3,16,0,10,1,0,0,0,0,2,0,1,0,0,13,3,15,0,10,0,0,0,0,0,0,0,0,0,0,0,0,0,0,0,0,0,0,0,0,0,52,0,0,0,0,52
2018,La Puente,La Puente,0,3,1,2,0,0,0,0,0,0,0,5,0,2,0,0,9,0,3,0,0,0,0,0,0,0,1,0,0,0,0,8,0,3,0,0,0,0,0,0,0,0,0,0,0,0,0,0,0,0,0,0,0,0,0,13,0,0,0,0,13
2018,La Rambla,Unincorporated Los Angeles County,0,8,4,0,0,0,1,0,0,0,1,1,0,0,0,2,2,0,0,0,0,0,0,0,0,0,0,0,0,0,2,2,0,0,0,0,0,0,0,0,0,0,0,0,0,0,0,0,0,0,0,0,0,0,0,4,0,0,0,0,4
2018,La Verne,La Verne,0,3,5,0,0,0,2,0,0,1,1,1,0,0,2,2,2,0,0,0,0,0,0,0,0,0,0,0,0,1,2,2,0,0,0,0,0,0,0,0,0,0,0,0,0,0,0,0,0,0,0,0,0,0,0,7,0,0,0,0,7
2018,Ladera Heights,Ladera Heights,0,5,2,0,0,0,1,0,0,0,0,0,0,1,0,0,0,0,2,0,0,0,0,0,0,0,0,0,0,0,0,0,0,2,0,0,0,0,0,0,0,0,0,0,0,0,0,0,0,0,0,0,0,0,0,3,0,0,0,0,3
2018,Lake Balboa,Los Angeles,1,2,3,68,2,0,41,0,0,5,8,48,5,16,8,13,88,8,27,0,0,2,0,0,1,1,7,0,1,7,12,81,7,26,0,0,0,0,0,0,0,4,0,0,0,0,0,0,0,0,0,0,0,0,0,184,0,4,0,4,188
2018,Lakewood,Lakewood,0,7,4,39,0,0,47,0,0,12,10,6,0,8,19,16,11,0,13,1,0,0,0,0,2,1,1,0,0,17,16,10,0,13,0,0,0,0,0,0,0,0,0,0,0,0,0,0,0,0,0,0,0,0,0,107,0,0,0,0,107
2018,Lancaster,Lancaster,0,1,5,280,41,396,214,1,2,40,10,110,109,142,65,16,201,166,238,2,0,5,2,2,7,1,16,6,5,57,16,186,160,233,101,8,38,13,1,3,0,0,0,0,18,0,0,0,0,0,0,0,0,0,0,903,155,18,0,173,1076
2018,Lawndale,Lawndale,0,8,2,0,0,0,8,0,0,2,0,4,0,4,3,0,7,0,7,0,0,0,0,0,0,0,1,0,0,3,0,7,0,7,0,0,0,0,0,0,0,6,0,0,0,0,0,0,0,0,0,0,0,0,0,25,0,6,0,6,31
2018,Lennox,Lennox,0,8,2,38,1,0,35,0,0,22,17,18,26,2,36,28,33,40,3,1,0,1,1,0,4,1,3,1,0,32,27,30,38,3,0,0,0,0,0,0,0,0,0,0,0,0,0,0,0,0,0,0,0,0,0,174,0,0,0,0,174
2018,Lincoln Heights,Los Angeles,1,4,1,19,0,0,64,1,2,11,18,34,18,42,18,29,62,27,70,1,1,1,0,1,2,1,5,1,2,16,28,57,26,69,0,0,0,0,0,0,0,0,0,0,0,0,0,0,0,0,0,0,0,0,0,273,0,0,0,0,273
2018,Lomita,Lomita,0,8,4,0,0,0,2,0,0,0,0,2,0,0,0,0,4,0,0,0,0,0,0,0,0,0,0,0,0,0,0,3,0,0,0,0,0,0,0,0,0,0,3,8,0,0,0,0,0,0,0,0,0,0,0,6,0,8,0,8,14
2018,Los Feliz,Los Angeles,1,4,3,19,0,0,52,0,0,8,4,9,13,26,13,7,16,20,44,0,0,0,0,0,1,0,1,1,1,11,6,15,19,43,0,0,0,0,0,0,0,0,0,0,0,0,0,0,0,0,0,0,0,0,0,151,0,0,0,0,151
2018,Lynwood,Lynwood,0,6,2,1,2,0,68,0,0,10,2,12,9,21,16,3,22,14,35,1,0,1,0,0,2,0,2,1,1,14,3,20,13,34,0,0,0,0,0,0,0,0,0,0,0,0,0,0,0,0,0,0,0,0,0,158,0,0,0,0,158
2018,Malibu,Malibu,0,5,3,1,0,0,38,0,0,21,5,7,24,15,34,8,13,37,25,1,0,0,1,0,4,0,1,1,1,30,8,12,35,25,0,0,0,0,0,0,0,0,0,0,0,0,0,0,0,0,0,0,0,0,0,155,0,0,0,0,155
2018,Malibu Lake,Malibu Lake,0,2,3,0,0,0,4,0,0,0,0,0,4,0,0,0,0,6,0,0,0,0,0,0,0,0,0,0,0,0,0,0,6,0,0,0,0,0,0,0,0,0,0,0,0,0,0,0,0,0,0,0,0,0,0,10,0,0,0,0,10
2018,Manhattan Beach,Manhattan Beach,0,8,4,0,0,0,14,0,0,6,6,2,0,2,10,10,4,0,3,0,0,0,0,0,1,0,0,0,0,9,9,3,0,3,0,0,0,0,0,0,0,0,0,0,0,0,0,0,0,0,0,0,0,0,0,40,0,0,0,0,40
2018,Mar Vista,Los Angeles,1,5,2,14,0,0,20,0,0,6,28,48,3,4,10,46,88,5,7,0,1,2,0,0,1,2,7,0,0,9,44,81,4,7,0,0,0,0,0,0,0,3,0,0,1,0,0,0,0,0,0,0,0,0,0,174,0,4,0,4,178
2018,Marina del Rey,Los Angeles,1,5,4,18,0,0,10,0,0,0,0,1,0,0,0,0,2,0,0,0,0,0,0,0,0,0,0,0,0,0,0,2,0,0,0,0,0,0,0,0,0,0,0,0,0,0,0,0,0,0,0,0,0,0,0,12,0,0,0,0,12
2018,Mayflower Village,Mayflower Village,0,3,5,0,0,0,0,0,0,0,0,0,0,0,0,0,0,0,0,0,0,0,0,0,0,0,0,0,0,0,0,0,0,0,0,0,0,0,0,0,0,0,0,0,0,0,0,0,0,0,0,0,0,0,0,0,0,0,0,0,0
2018,Maywood,Maywood,0,7,1,2,2,0,10,1,2,1,3,0,1,1,2,5,0,2,2,0,0,0,0,0,0,0,0,0,0,1,5,0,1,2,0,0,0,0,0,0,0,0,0,0,0,0,0,0,0,0,0,0,0,0,0,22,0,0,0,0,22
2018,Mid City,Los Angeles,1,4,2,5,0,27,20,0,0,5,9,26,12,19,8,15,48,18,32,0,0,1,0,0,1,1,4,1,1,7,14,44,18,31,3,0,0,0,0,0,0,0,0,0,0,0,0,0,0,0,0,0,0,0,0,141,3,0,0,3,144
2018,Mid-City West,Los Angeles,1,4,3,27,6,0,117,1,2,4,1,7,11,40,6,2,13,17,67,0,0,0,0,1,1,0,1,1,1,6,2,12,16,66,0,0,0,0,0,0,0,0,0,0,0,0,0,0,0,0,0,0,0,0,0,224,0,0,0,0,224
2018,Miracle Mile,Los Angeles,1,4,3,14,0,0,84,0,0,17,16,31,10,27,28,26,57,15,45,1,0,1,0,0,3,1,4,1,1,24,25,52,15,44,0,0,0,0,0,0,0,0,0,0,0,0,0,0,0,0,0,0,0,0,0,255,0,0,0,0,255
2018,Mission Hills,Los Angeles,1,2,3,17,0,0,8,0,0,7,21,29,0,2,11,34,53,0,3,0,1,1,0,0,1,1,4,0,0,10,33,49,0,3,0,0,0,0,0,0,0,0,0,0,0,0,0,0,0,0,0,0,0,0,0,110,0,0,0,0,110
2018,Monrovia,Monrovia,0,3,5,8,0,0,9,0,0,11,2,18,0,4,18,3,33,0,7,1,0,1,0,0,2,0,3,0,0,16,3,30,0,7,0,0,0,0,0,0,0,0,0,0,0,0,0,0,0,0,0,0,0,0,0,70,0,0,0,0,70
2018,Montebello,Montebello,0,7,1,23,2,0,110,1,5,26,30,52,0,21,42,49,95,0,35,2,1,2,0,0,5,2,7,0,1,37,47,88,0,34,0,3,10,0,0,0,0,0,0,0,0,0,0,0,0,0,0,0,0,0,0,336,10,0,0,10,346
2018,Monterey Park,Monterey Park,0,3,1,0,0,0,17,0,0,4,2,0,0,2,6,3,0,0,3,0,0,0,0,0,1,0,0,0,0,6,3,0,0,3,0,0,0,0,0,0,0,0,0,0,0,0,0,0,0,0,0,0,0,0,0,30,0,0,0,0,30
2018,North El Monte,North El Monte,0,3,5,8,0,0,14,0,0,5,0,2,0,2,8,0,4,0,3,0,0,0,0,0,1,0,0,0,0,7,0,3,0,3,0,0,0,0,0,0,0,0,0,0,0,0,0,0,0,0,0,0,0,0,0,29,0,0,0,0,29
2018,North Hills,Los Angeles,1,2,3,32,5,45,64,0,0,24,13,13,5,13,39,21,24,8,22,1,0,1,0,0,4,1,2,0,0,34,20,22,7,21,0,0,0,0,0,0,0,0,0,0,30,3,6,0,0,0,0,0,0,0,0,177,0,36,0,36,213
2018,North Hollywood,Los Angeles,1,2,3,71,25,108,177,0,0,96,134,173,16,71,155,218,317,24,119,6,4,7,0,1,18,9,25,1,3,138,209,292,23,116,140,281,1027,16,28,90,0,0,0,0,23,4,8,0,0,0,0,0,0,0,0,1011,1273,31,0,1304,2315
2018,Northridge,Los Angeles,1,2,5,26,0,633,53,0,0,10,4,52,0,2,16,7,95,0,3,1,0,2,0,0,2,0,7,0,0,14,6,88,0,3,1,10,30,0,0,0,0,0,0,0,0,0,0,0,0,0,0,0,0,0,0,174,31,0,0,31,205
2018,Norwalk,Norwalk,0,7,4,16,4,0,99,1,3,8,14,15,22,38,13,23,27,34,64,0,0,1,0,1,1,1,2,1,1,11,22,25,32,62,0,0,0,0,0,0,0,0,0,0,0,0,0,0,0,0,0,0,0,0,0,262,0,0,0,0,262
2018,Pacific Palisades,Los Angeles,1,5,3,5,0,0,42,0,0,18,7,7,2,5,29,11,13,3,8,1,0,0,0,0,3,0,1,0,0,26,11,12,3,8,0,0,0,0,0,0,0,0,0,0,0,0,0,0,0,0,0,0,0,0,0,107,0,0,0,0,107
2018,Pacoima,Los Angeles,1,2,3,29,0,298,94,0,0,17,28,65,13,36,28,46,119,20,60,1,1,3,0,1,3,2,9,1,1,24,44,110,19,59,113,0,0,6,0,0,0,0,0,0,5,3,6,1,0,0,0,0,0,0,0,366,119,12,0,131,497
2018,Palmdale,Unincorporated Palmdale,0,1,5,26,1,0,60,0,0,14,7,41,13,22,23,11,75,20,37,1,0,2,0,0,3,0,6,1,1,20,11,69,19,36,0,0,0,0,0,0,0,0,0,0,0,0,0,0,0,0,0,0,0,0,0,226,0,0,0,0,226
2018,Palms,Los Angeles,1,5,3,56,0,0,63,0,0,6,10,14,8,4,10,16,26,12,7,0,0,1,0,0,1,1,2,0,0,9,16,24,12,7,0,0,0,0,0,0,0,0,0,0,0,0,0,0,0,0,0,0,0,0,0,134,0,0,0,0,134
2018,Palos Verdes Estates,Palos Verdes Estates,0,8,4,0,0,0,0,0,0,0,0,0,0,0,0,0,0,0,0,0,0,0,0,0,0,0,0,0,0,0,0,0,0,0,0,0,0,0,0,0,0,0,0,0,0,0,0,0,0,0,0,0,0,0,0,0,0,0,0,0,0
2018,Panorama City,Los Angeles,1,2,3,10,7,0,79,1,4,4,10,10,4,16,6,16,18,6,27,0,0,0,0,0,1,1,1,0,1,6,16,17,6,26,0,0,0,0,0,0,0,0,0,0,0,0,0,0,0,0,0,0,0,0,0,157,0,0,0,0,157
2018,Paramount,Paramount,0,6,4,3,0,0,26,2,7,1,4,0,22,5,2,7,0,34,8,0,0,0,0,0,0,0,0,1,0,1,6,0,32,8,0,0,0,0,0,0,0,0,0,0,0,0,0,0,0,0,0,0,0,0,0,83,0,0,0,0,83
2018,Pico Rivera,Pico Rivera,0,7,1,12,1,0,51,2,7,25,11,22,2,25,40,18,40,3,42,2,0,1,0,0,5,1,3,0,1,36,17,37,3,41,0,0,0,0,0,0,0,0,0,0,0,0,0,0,0,0,0,0,0,0,0,202,0,0,0,0,202
2018,Pico Union,Los Angeles,1,4,1,17,0,0,55,1,2,19,20,30,13,48,31,33,55,20,80,1,1,1,0,1,4,1,4,1,2,27,31,51,19,79,0,0,0,0,0,0,0,10,0,0,0,0,0,0,0,0,0,0,0,0,0,276,0,10,0,10,286
2018,Pomona,Pomona,0,3,1,177,9,226,293,0,0,27,11,29,45,65,44,18,53,69,109,2,0,1,1,1,5,1,4,3,2,39,17,49,66,107,124,3,7,6,0,0,0,0,10,43,8,0,0,0,0,0,0,0,0,0,0,585,137,51,0,188,773
2018,Porter Ranch,Los Angeles,1,2,5,2,0,0,0,0,0,2,0,3,0,0,3,0,5,0,0,0,0,0,0,0,0,0,0,0,0,3,0,5,0,0,0,0,0,0,0,0,0,0,0,0,0,0,0,0,0,0,0,0,0,0,0,9,0,0,0,0,9
2018,Rampart Village,Los Angeles,1,4,1,10,4,67,57,0,0,8,13,8,20,48,13,21,15,31,80,0,0,0,0,1,1,1,1,1,2,11,20,14,29,79,0,0,0,0,0,0,0,0,0,0,18,31,69,0,0,0,0,0,0,0,0,217,0,87,0,87,304
2018,Rancho Palos Verdes,Rancho Palos Verdes,0,8,4,0,0,0,4,0,0,0,0,0,0,0,0,0,0,0,0,0,0,0,0,0,0,0,0,0,0,0,0,0,0,0,0,0,0,0,0,0,0,0,0,0,0,0,0,0,0,0,0,0,0,0,0,4,0,0,0,0,4
2018,Redondo Beach,Redondo Beach,0,8,4,64,1,0,64,0,0,21,13,12,2,6,34,21,22,3,10,1,0,1,0,0,4,1,2,0,0,30,20,20,3,10,0,0,0,0,0,0,0,0,0,0,0,0,0,0,0,0,0,0,0,0,0,154,0,0,0,0,154
2018,Reseda,Los Angeles,1,2,3,23,0,13,31,0,0,8,8,23,1,14,13,13,42,2,23,0,0,1,0,0,1,1,3,0,1,11,12,39,1,23,0,0,0,0,0,0,0,0,0,0,0,0,0,0,0,0,0,0,0,0,0,124,0,0,0,0,124
2018,Rolling Hills,Rolling Hills,0,8,4,0,0,0,0,0,0,0,0,0,0,0,0,0,0,0,0,0,0,0,0,0,0,0,0,0,0,0,0,0,0,0,0,0,0,0,0,0,0,0,0,0,0,0,0,0,0,0,0,0,0,0,0,0,0,0,0,0,0
2018,Rolling Hills Estates,Rolling Hills Estates,0,8,4,0,0,0,0,0,0,0,0,0,0,0,0,0,0,0,0,0,0,0,0,0,0,0,0,0,0,0,0,0,0,0,0,0,0,0,0,0,0,0,0,0,0,0,0,0,0,0,0,0,0,0,0,0,0,0,0,0,0
2018,Rosemead,Rosemead,0,3,1,25,0,0,27,0,0,1,1,2,2,26,2,2,4,3,44,0,0,0,0,0,0,0,0,0,1,1,2,3,3,43,0,0,0,0,0,0,0,0,0,0,0,0,0,0,0,0,0,0,0,0,0,81,0,0,0,0,81
2018,Rowland Heights,Unincorporated Rowland Heights,0,3,4,0,0,0,7,0,0,2,0,3,1,8,3,0,5,2,13,0,0,0,0,0,0,0,0,0,0,3,0,5,1,13,8,0,0,0,0,0,0,0,0,0,0,0,0,0,0,0,0,0,0,0,0,31,8,0,0,8,39
2018,San Dimas,San Dimas,0,3,5,0,0,0,6,0,0,2,0,1,0,1,3,0,2,0,2,0,0,0,0,0,0,0,0,0,0,3,0,2,0,2,0,0,0,0,0,0,0,0,0,0,0,0,0,0,0,0,0,0,0,0,0,13,0,0,0,0,13
2018,San Fernando,San Fernando,0,2,3,0,0,0,14,0,0,2,3,7,0,3,3,5,13,0,5,0,0,0,0,0,0,0,1,0,0,3,5,12,0,5,0,0,0,0,0,0,0,0,0,0,0,0,0,0,0,0,0,0,0,0,0,40,0,0,0,0,40
2018,San Gabriel,San Gabriel,0,3,5,0,0,0,1,0,0,0,1,1,0,1,0,2,2,0,2,0,0,0,0,0,0,0,0,0,0,0,2,2,0,2,0,0,0,0,0,0,0,0,0,0,0,0,0,0,0,0,0,0,0,0,0,6,0,0,0,0,6
2018,San Marino,San Marino,0,3,5,0,0,0,0,0,0,0,0,0,0,0,0,0,0,0,0,0,0,0,0,0,0,0,0,0,0,0,0,0,0,0,0,0,0,0,0,0,0,0,0,0,0,0,0,0,0,0,0,0,0,0,0,0,0,0,0,0,0
2018,San Pasqual,San Pasqual,0,3,5,0,0,0,0,0,0,0,0,0,0,0,0,0,0,0,0,0,0,0,0,0,0,0,0,0,0,0,0,0,0,0,0,0,0,0,0,0,0,0,0,0,0,0,0,0,0,0,0,0,0,0,0,0,0,0,0,0,0
2018,San Pedro,Los Angeles,1,8,4,61,7,306,156,0,0,24,54,32,10,13,39,88,59,15,22,1,2,1,0,0,4,4,5,1,0,34,84,54,15,21,3,13,52,0,1,3,0,0,19,58,0,1,2,0,0,0,0,0,0,0,0,378,58,60,0,118,496
2018,Santa Clarita,Santa Clarita,0,2,5,0,0,73,25,0,0,16,8,15,3,3,26,13,27,5,5,1,0,1,0,0,3,1,2,0,0,23,12,25,4,5,45,0,0,6,0,0,0,0,2,9,0,0,0,0,0,0,0,0,0,0,0,101,51,9,0,60,161
2018,Santa Fe Springs,Santa Fe Springs,0,7,4,27,4,0,26,0,0,9,4,35,0,47,15,7,64,0,79,1,0,1,0,1,2,0,5,0,2,13,6,59,0,77,3,17,66,0,1,3,0,0,0,0,0,0,0,0,0,0,0,0,0,0,0,190,72,0,0,72,262
2018,Santa Monica,Santa Monica,0,5,3,195,59,111,547,0,0,40,41,13,4,6,65,67,24,6,10,2,1,1,0,0,7,3,2,0,0,57,64,22,6,10,15,10,28,1,1,2,0,54,19,58,0,1,3,0,25,0,0,1,0,0,0,718,46,115,26,187,905
2018,Santa Susana Mountains,Santa Susana Mountains,0,2,5,0,0,0,2,0,0,2,0,4,0,0,3,0,7,0,0,0,0,0,0,0,0,0,1,0,0,3,0,7,0,0,0,0,0,0,0,0,0,0,0,0,0,0,0,0,0,0,0,0,0,0,0,13,0,0,0,0,13
2018,Sherman Oaks,Los Angeles,1,2,3,12,0,0,23,0,0,5,2,17,4,3,8,3,31,6,5,0,0,1,0,0,1,0,2,0,0,7,3,29,6,5,0,0,0,0,0,0,0,0,0,0,0,0,0,0,0,0,0,0,0,0,0,77,0,0,0,0,77
2018,Sierra Madre,Sierra Madre,0,3,5,0,0,0,0,0,0,0,0,0,0,0,0,0,0,0,0,0,0,0,0,0,0,0,0,0,0,0,0,0,0,0,0,0,0,0,0,0,0,0,0,0,0,0,0,0,0,0,0,0,0,0,0,0,0,0,0,0,0
2018,Signal Hill,Signal Hill,0,7,4,0,0,0,4,0,0,6,4,4,0,5,10,7,7,0,8,0,0,0,0,0,1,0,1,0,0,9,6,7,0,8,0,0,0,0,0,0,0,0,0,0,0,0,0,0,0,0,0,0,0,0,0,36,0,0,0,0,36
2018,Silver Lake,Los Angeles,1,4,1,2,0,0,28,0,0,4,5,7,5,9,6,8,13,8,15,0,0,0,0,0,1,0,1,0,0,6,8,12,7,15,0,0,0,0,0,0,0,0,0,0,0,0,0,0,0,0,0,0,0,0,0,78,0,0,0,0,78
2018,Skid Row,Los Angeles,1,4,1,522,13,1226,812,0,0,14,1,3,517,275,23,2,5,789,461,1,0,0,11,4,3,0,0,30,10,20,2,5,759,451,961,64,177,24,3,9,0,697,60,188,31,4,14,0,0,0,0,0,0,0,0,2092,1171,930,0,2101,4193
2018,South Central,Los Angeles,1,4,1,31,9,1088,114,0,0,13,19,51,74,62,21,31,93,113,104,1,1,2,2,1,2,1,7,4,2,19,30,86,109,102,268,0,0,14,0,0,0,0,0,0,0,0,0,0,0,0,0,0,0,0,0,476,282,0,0,282,758
2018,South El Monte,South El Monte,0,3,1,0,1,0,20,0,0,14,7,12,0,8,23,11,22,0,13,1,0,0,0,0,3,0,2,0,0,20,11,20,0,13,0,0,0,0,0,0,0,0,0,0,0,0,0,0,0,0,0,0,0,0,0,89,0,0,0,0,89
2018,South Gate,South Gate,0,7,1,0,3,0,75,0,0,11,15,14,18,54,18,24,26,27,91,1,0,1,0,1,2,1,2,1,2,16,23,24,26,89,0,0,0,0,0,0,0,0,0,0,0,0,0,0,0,0,0,0,0,0,0,261,0,0,0,0,261
2018,South Park,Los Angeles,1,6,2,82,22,30,221,0,0,27,25,116,75,110,44,41,212,114,184,2,1,5,2,2,5,2,16,4,4,39,39,196,110,180,39,23,71,25,6,20,0,0,0,0,0,0,0,0,0,0,0,0,0,0,0,817,155,0,0,155,972
2018,South Pasadena,South Pasadena,0,3,5,0,0,0,9,0,0,1,1,0,2,4,2,2,0,3,7,0,0,0,0,0,0,0,0,0,0,1,2,0,3,7,0,0,0,0,0,0,0,0,0,0,0,0,0,0,0,0,0,0,0,0,0,22,0,0,0,0,22
2018,South San Gabriel,South San Gabriel,0,3,1,0,0,0,0,0,0,0,0,1,0,0,0,0,2,0,0,0,0,0,0,0,0,0,0,0,0,0,0,2,0,0,0,0,0,0,0,0,0,0,0,0,0,0,0,0,0,0,0,0,0,0,0,2,0,0,0,0,2
2018,South San Jose Hills,South San Jose Hills,0,3,1,0,0,0,0,0,0,0,1,2,0,0,0,2,4,0,0,0,0,0,0,0,0,0,0,0,0,0,2,3,0,0,0,0,0,0,0,0,0,0,0,0,0,0,0,0,0,0,0,0,0,0,0,5,0,0,0,0,5
2018,South Vermont,Los Angeles,1,6,2,30,2,36,94,1,2,17,21,40,1,13,28,34,73,2,22,1,1,2,0,0,3,1,6,0,0,24,33,68,1,21,136,0,0,5,0,0,0,0,0,0,6,1,2,0,0,0,0,0,0,0,0,254,141,8,0,149,403
2018,South Whittier,South Whittier,0,7,4,5,0,68,8,0,0,4,2,2,0,7,6,3,4,0,12,0,0,0,0,0,1,0,0,0,0,6,3,3,0,11,0,0,0,0,0,0,0,0,0,0,89,9,18,1,0,0,0,0,0,0,0,33,0,108,0,108,141
2018,Stevenson Ranch,Stevenson Ranch,0,2,5,0,0,0,4,0,0,0,0,0,0,4,0,0,0,0,7,0,0,0,0,0,0,0,0,0,0,0,0,0,0,7,0,0,0,0,0,0,0,0,0,0,0,0,0,0,0,0,0,0,0,0,0,11,0,0,0,0,11
2018,Studio City,Los Angeles,1,2,3,10,0,0,19,0,0,2,1,3,5,1,3,2,5,8,2,0,0,0,0,0,0,0,0,0,0,3,2,5,7,2,0,0,0,0,0,0,0,0,0,0,0,0,0,0,0,0,0,0,0,0,0,39,0,0,0,0,39
2018,Sun Valley,Los Angeles,1,2,5,18,12,252,96,0,0,26,59,106,13,34,42,96,194,20,57,2,2,4,0,1,5,4,15,1,1,37,92,179,19,56,0,0,0,0,0,0,0,4,0,0,28,0,0,0,0,0,0,0,0,0,0,505,0,32,0,32,537
2018,Sunland-Tujunga,Los Angeles,1,2,5,6,0,0,31,0,0,6,10,17,2,4,10,16,31,3,7,0,0,1,0,0,1,1,2,0,0,9,16,29,3,7,0,0,0,0,0,0,0,0,0,0,0,0,0,0,0,0,0,0,0,0,0,98,0,0,0,0,98
2018,Sylmar,Los Angeles,1,2,5,38,3,0,53,2,5,42,34,102,5,14,68,55,187,8,23,3,1,4,0,0,8,2,15,0,1,60,53,172,7,23,0,0,0,0,0,0,0,0,0,0,0,0,0,0,0,0,0,0,0,0,0,399,0,0,0,0,399
2018,Tarzana,Los Angeles,1,2,3,9,0,0,22,0,0,2,2,11,0,6,3,3,20,0,10,0,0,0,0,0,0,0,2,0,0,3,3,19,0,10,0,0,0,0,0,0,0,0,0,0,0,0,0,0,0,0,0,0,0,0,0,59,0,0,0,0,59
2018,Temple City,Temple City,0,3,5,1,0,0,8,0,0,0,0,1,0,0,0,0,2,0,0,0,0,0,0,0,0,0,0,0,0,0,0,2,0,0,0,0,0,0,0,0,0,0,0,0,0,0,0,0,0,0,0,0,0,0,0,10,0,0,0,0,10
2018,Topanga,Topanga,0,2,3,0,0,0,44,0,0,14,6,0,17,7,23,10,0,26,12,1,0,0,0,0,3,0,0,1,0,20,9,0,25,11,0,0,0,0,0,0,0,0,0,0,0,0,0,0,0,0,0,0,0,0,0,114,0,0,0,0,114
2018,Torrance,Torrance,0,8,4,4,0,0,37,0,0,40,20,16,1,5,65,33,29,2,8,2,1,1,0,0,7,1,2,0,0,57,31,27,1,8,0,0,0,0,0,0,0,0,4,14,0,0,0,0,0,0,0,0,0,0,0,173,0,14,0,14,187
2018,Unincorporated Antelope Valley,Unincorporated Antelope Valley,0,1,5,6,0,0,52,4,13,18,18,448,36,168,29,29,820,55,282,1,1,19,1,3,3,1,64,2,6,26,28,757,53,275,0,0,0,0,0,0,0,0,0,0,0,0,0,0,0,0,0,0,0,0,0,1280,0,0,0,0,1280
2018,Unincorporated Catalina,Unincorporated Channel Islands,0,8,4,0,0,0,0,0,0,0,0,0,0,0,0,0,0,0,0,0,0,0,0,0,0,0,0,0,0,0,0,0,0,0,0,0,0,0,0,0,0,0,0,0,0,0,0,0,0,0,0,0,0,0,0,0,0,0,0,0,0
2018,Unincorporated Compton,Unincorporated Compton,0,6,2,25,0,0,7,1,5,29,16,57,1,4,47,26,104,2,7,2,0,2,0,0,5,1,8,0,0,42,25,96,1,7,0,0,0,0,0,0,0,0,0,0,0,0,0,0,0,0,0,0,0,0,0,198,0,0,0,0,198
2018,Unincorporated East Whittier,Unincorporated East Whittier,0,7,4,0,0,0,4,0,0,0,0,0,0,0,0,0,0,0,0,0,0,0,0,0,0,0,0,0,0,0,0,0,0,0,0,0,0,0,0,0,0,0,0,0,0,0,0,0,0,0,0,0,0,0,0,4,0,0,0,0,4
2018,Unincorporated Whittier,Unincorporated Whittier,0,7,4,0,0,0,0,0,0,0,0,1,0,4,0,0,2,0,7,0,0,0,0,0,0,0,0,0,0,0,0,2,0,7,0,0,0,0,0,0,0,0,0,0,0,0,0,0,0,0,0,0,0,0,0,9,0,0,0,0,9
2018,Universal City,Universal City,0,2,3,0,0,0,1,0,0,0,0,0,0,0,0,0,0,0,0,0,0,0,0,0,0,0,0,0,0,0,0,0,0,0,0,0,0,0,0,0,0,0,0,0,0,0,0,0,0,0,0,0,0,0,0,1,0,0,0,0,1
2018,University Park,Los Angeles,1,6,1,4,0,0,4,0,0,0,0,1,11,0,0,0,2,17,0,0,0,0,0,0,0,0,0,1,0,0,0,2,16,0,0,0,0,0,0,0,0,0,0,0,0,0,0,0,0,0,0,0,0,0,0,23,0,0,0,0,23
2018,US Department of Veterans Affairs West LA Campus,US Department of Veterans Affairs West LA Campus,0,5,3,0,0,124,15,0,0,12,12,6,0,13,19,20,11,0,22,1,0,0,0,0,2,1,1,0,0,17,19,10,0,21,175,10,30,10,0,0,0,87,0,0,2,0,0,0,0,0,0,0,0,0,0,87,215,89,0,304,391
2018,Valinda,Valinda,0,3,1,0,0,0,2,0,0,1,2,1,0,0,2,3,2,0,0,0,0,0,0,0,0,0,0,0,0,1,3,2,0,0,0,0,0,0,0,0,0,0,0,0,0,0,0,0,0,0,0,0,0,0,0,9,0,0,0,0,9
2018,Valley Village,Los Angeles,1,2,3,10,1,0,22,0,0,3,4,11,10,3,5,7,20,15,5,0,0,0,0,0,1,0,2,1,0,4,6,19,15,5,0,0,0,0,0,0,0,0,0,0,0,0,0,0,0,0,0,0,0,0,0,74,0,0,0,0,74
2018,Van Nuys,Los Angeles,1,2,3,103,16,0,127,0,0,12,19,48,16,51,19,31,88,24,85,1,1,2,0,1,2,1,7,1,2,17,30,81,23,84,0,0,0,0,0,0,0,52,0,0,4,0,0,0,0,0,0,0,0,0,0,375,0,56,0,56,431
2018,Venice,Los Angeles,1,5,3,314,111,67,228,0,0,33,75,52,82,62,53,122,95,125,104,2,2,2,2,1,6,5,7,5,2,47,117,88,120,102,1,33,113,0,3,7,0,0,0,0,0,0,0,0,0,0,0,0,0,0,0,728,121,0,0,121,849
2018,Vermont Square,Los Angeles,1,6,2,32,0,635,183,0,0,84,47,100,45,46,136,77,183,69,77,5,1,4,1,1,16,3,14,3,2,120,73,169,66,75,198,1,2,16,1,2,0,6,8,22,4,1,2,0,0,0,0,0,0,0,0,724,218,34,0,252,976
2018,Vernon,Vernon,0,7,1,0,0,0,8,0,0,0,3,0,0,54,0,5,0,0,91,0,0,0,0,1,0,0,0,0,2,0,5,0,0,89,0,0,0,0,0,0,0,0,0,0,0,0,0,0,0,0,0,0,0,0,0,103,0,0,0,0,103
2018,View Park-Windsor Hills,View Park-Windsor Hills,0,6,2,0,0,0,0,0,0,0,0,0,0,0,0,0,0,0,0,0,0,0,0,0,0,0,0,0,0,0,0,0,0,0,0,0,0,0,0,0,0,0,0,0,0,0,0,0,0,0,0,0,0,0,0,0,0,0,0,0,0
2018,Vincent,Vincent,0,3,1,0,0,0,3,0,0,1,0,3,0,0,2,0,5,0,0,0,0,0,0,0,0,0,0,0,0,1,0,5,0,0,0,0,0,0,0,0,0,0,0,0,0,0,0,0,0,0,0,0,0,0,0,10,0,0,0,0,10
2018,Walnut,Walnut,0,3,1,0,0,0,3,0,0,0,0,1,2,0,0,0,2,3,0,0,0,0,0,0,0,0,0,0,0,0,0,2,3,0,0,0,0,0,0,0,0,0,0,0,0,0,0,0,0,0,0,0,0,0,0,8,0,0,0,0,8
2018,Walnut Park,Walnut Park,0,7,1,0,2,0,1,0,0,0,1,2,0,1,0,2,4,0,2,0,0,0,0,0,0,0,0,0,0,0,2,3,0,2,0,0,0,0,0,0,0,0,0,0,0,0,0,0,0,0,0,0,0,0,0,8,0,0,0,0,8
2018,Watts,Los Angeles,1,6,2,9,20,0,46,0,0,16,5,26,0,3,26,8,48,0,5,1,0,1,0,0,3,0,4,0,0,23,8,44,0,5,0,0,0,0,0,0,0,0,0,0,0,0,0,0,0,0,0,0,0,0,0,133,0,0,0,0,133
2018,West Adams-Expo Park,Los Angeles,1,4,2,21,0,21,77,0,0,36,29,20,1,6,58,47,37,2,10,2,1,1,0,0,7,2,3,0,0,52,45,34,1,10,0,0,0,0,0,0,0,0,0,0,1,8,16,0,0,0,0,0,0,0,0,231,0,17,0,17,248
2018,West Carson,West Carson,0,8,2,0,0,0,20,0,0,7,9,32,13,45,11,15,59,20,75,0,0,1,0,1,1,1,5,1,2,10,14,54,19,74,0,0,0,0,0,0,0,0,0,0,0,0,0,0,0,0,0,0,0,0,0,200,0,0,0,0,200
2018,West Compton,West Compton,0,6,2,28,0,0,23,0,0,10,21,106,3,4,16,34,194,5,7,1,1,4,0,0,2,1,15,0,0,14,33,179,4,7,0,0,0,0,0,0,0,0,0,0,0,0,0,0,0,0,0,0,0,0,0,279,0,0,0,0,279
2018,West Covina,West Covina,0,3,1,3,0,0,131,1,4,22,21,16,6,20,36,34,29,9,34,1,1,1,0,0,4,1,2,0,1,32,33,27,9,33,0,0,0,0,0,0,0,0,0,0,0,0,0,0,0,0,0,0,0,0,0,277,0,0,0,0,277
2018,West Hills,Los Angeles,1,2,5,5,0,0,14,0,0,4,2,33,2,12,6,3,60,3,20,0,0,1,0,0,1,0,5,0,0,6,3,56,3,20,0,0,0,0,0,0,0,0,0,0,0,0,0,0,0,0,0,0,0,0,0,107,0,0,0,0,107
2018,West Hollywood,West Hollywood,0,4,3,34,4,0,89,1,3,0,3,0,1,1,0,5,0,2,2,0,0,0,0,0,0,0,0,0,0,0,5,0,1,2,0,0,0,0,0,0,0,0,0,0,0,0,0,0,0,0,0,0,0,0,0,100,0,0,0,0,100
2018,West Los Angeles,Los Angeles,1,5,3,15,0,438,44,0,0,3,11,24,16,15,5,18,44,24,25,0,0,1,0,0,1,1,3,1,1,4,17,41,23,25,0,0,0,0,0,0,0,0,0,0,0,0,0,0,0,0,0,0,0,0,0,160,0,0,0,0,160
2018,West Puente Valley,West Puente Valley,0,3,1,1,0,0,1,0,0,0,1,1,0,0,0,2,2,0,0,0,0,0,0,0,0,0,0,0,0,0,2,2,0,0,0,0,0,0,0,0,0,0,0,0,0,0,0,0,0,0,0,0,0,0,0,4,0,0,0,0,4
2018,West Whittier-Los Nietos,West Whittier-Los Nietos,0,7,4,13,0,0,20,0,0,17,13,21,0,11,28,21,38,0,18,1,0,1,0,0,3,1,3,0,0,24,20,35,0,18,0,0,0,0,0,0,0,0,0,0,0,0,0,0,0,0,0,0,0,0,0,126,0,0,0,0,126
2018,Westchester/Playa Del Rey,Los Angeles,1,5,2,10,1,8,101,0,0,22,17,46,34,10,36,28,84,52,17,1,0,2,1,0,4,1,7,2,0,32,27,78,50,16,0,0,0,0,0,0,0,0,0,0,12,2,4,0,0,0,0,0,0,0,0,317,0,16,0,16,333
2018,Westlake,Los Angeles,1,4,1,97,8,68,277,0,0,41,67,19,68,69,66,109,35,104,116,3,2,1,1,1,8,5,3,4,3,59,105,32,100,113,40,0,0,7,0,0,6,63,32,104,10,14,28,0,0,0,0,0,0,0,0,707,53,205,0,258,965
2018,Westlake Village,Westlake Village,0,2,3,0,0,0,0,0,0,0,0,0,0,0,0,0,0,0,0,0,0,0,0,0,0,0,0,0,0,0,0,0,0,0,0,0,0,0,0,0,0,0,0,0,0,0,0,0,0,0,0,0,0,0,0,0,0,0,0,0,0
2018,Westmont / West Athens,Westmont / West Athens,0,8,2,1,2,4,71,0,0,5,2,6,2,0,8,3,11,3,0,0,0,0,0,0,1,0,1,0,0,7,3,10,3,0,0,0,0,0,0,0,0,0,0,0,13,0,0,0,0,0,0,0,0,0,0,96,0,13,0,13,109
2018,Westside,Los Angeles,1,5,3,1,0,0,32,0,0,7,8,7,4,6,11,13,13,6,10,0,0,0,0,0,1,1,1,0,0,10,12,12,6,10,0,0,0,0,0,0,0,0,0,0,0,0,0,0,0,0,0,0,0,0,0,85,0,0,0,0,85
2018,Westwood,Los Angeles,1,5,3,27,0,146,77,0,0,11,5,4,14,17,18,8,7,21,28,1,0,0,0,0,2,0,1,1,1,16,8,7,21,28,2,22,79,0,3,7,0,0,0,0,0,0,0,0,0,0,0,0,0,0,0,160,88,0,0,88,248
2018,Whittier,Whittier,0,7,4,0,7,77,82,0,0,13,6,12,1,12,21,10,22,2,20,1,0,1,0,0,2,0,2,0,0,19,9,20,1,20,23,7,25,0,0,0,0,0,0,0,0,0,0,0,0,0,0,0,0,0,0,156,48,0,0,48,204
2018,Whittier Narrows,Whittier Narrows,0,3,1,0,0,0,6,0,0,1,0,1,10,6,2,0,2,15,10,0,0,0,0,0,0,0,0,1,0,1,0,2,15,10,0,0,0,0,0,0,0,0,0,0,0,0,0,0,0,0,0,0,0,0,0,35,0,0,0,0,35
2018,Willowbrook,Willowbrook,0,6,2,68,8,0,45,0,0,67,23,115,1,0,108,37,211,2,0,4,1,5,0,0,12,2,16,0,0,96,36,194,1,0,15,0,0,0,0,0,0,0,0,0,0,0,0,0,0,0,0,0,0,0,0,403,15,0,0,15,418
2018,Wilmington,Los Angeles,1,8,4,63,3,0,160,0,0,18,16,118,3,22,29,26,216,5,37,1,0,5,0,0,3,1,17,0,1,26,25,199,4,36,65,0,0,0,0,0,0,0,0,0,0,0,0,0,0,0,0,0,0,0,0,473,65,0,0,65,538
2018,Wilshire Center-Koreatown,Los Angeles,1,4,2,38,1,19,108,0,0,17,23,6,45,36,28,37,11,69,60,1,1,0,1,1,3,2,1,3,1,24,36,10,66,59,0,0,0,0,0,0,0,0,0,0,0,0,0,0,0,0,0,0,0,0,0,313,0,0,0,0,313
2018,Winnetka,Los Angeles,1,2,3,12,6,0,18,0,0,16,3,31,1,9,26,5,57,2,15,1,0,1,0,0,3,0,4,0,0,23,5,52,1,15,0,0,0,0,0,0,0,0,0,0,0,0,0,0,0,0,0,0,0,0,0,122,0,0,0,0,122
2018,Woodland Hills,Los Angeles,1,2,3,24,0,0,26,0,0,18,7,18,0,5,29,11,33,0,8,1,0,1,0,0,3,0,3,0,0,26,11,30,0,8,0,0,0,0,0,0,0,0,0,0,0,0,0,0,0,0,0,0,0,0,0,108,0,0,0,0,108
