zipcode,City,Name,Pop under 18yr(%),Median Age,Population_y,White(%),Black or African American(%),American Indian and Alaska Native(%),Asian(%),Native Hawaiian and Other Pacific Islander(%),Some other race(%),Hispanic or Latino(%),No schooling completed(%),Regular high school diploma(%),Median Household Income,Per Capita Income,Poverty Rate,Unemployment Rate,Home Median value (dollars),Land Area (square meters),Land Area (square miles),Lat,Lng
90001,Los Angeles,ZCTA5 90001,31.657530048690795,28.7,58738.0,32.367462290169904,9.16442507405768,0.7558990772583336,0.22472675269842352,0.020429704790765772,56.29234907555586,89.84132929279171,3.736933501310906,12.702168953658619,35660.0,11882.0,31.757976097245393,4.974633116551466,305500.0,9071081,3.502,33.974026,-118.24951000000001
90002,Los Angeles,ZCTA5 90002,32.111775389738156,27.7,52856.0,37.683517481459056,21.569925836234297,0.8797487513243529,0.5656879067655517,0.10405630392008476,38.17352807628273,76.42084153170879,3.032768276070834,13.877327077342212,34000.0,11807.0,33.666944150143784,5.032541244135008,272400.0,7930602,3.062,33.949099,-118.24673700000001
90003,Los Angeles,ZCTA5 90003,32.59327564193503,28.2,70490.0,29.767342885515674,22.383316782522343,0.739111930770322,0.2851468293374947,0.09646758405447581,45.70577386863385,76.76691729323308,3.176337069087814,13.34373670024117,34397.0,11305.0,32.92949354518371,5.440488012484041,300700.0,9197637,3.551,33.964131,-118.272783
90004,Los Angeles,ZCTA5 90004,19.39648988570609,35.1,62733.0,37.75843654854702,4.055281909043087,0.17056413689764557,25.074522181308083,0.5961774504646677,29.233417818373105,51.35096360767061,2.797570656592224,13.361388742766964,46581.0,30590.0,19.10477738989049,4.182806497377776,918500.0,7894527,3.048,34.076198,-118.310722
90005,Los Angeles,ZCTA5 90005,19.31651584854153,35.4,39562.0,20.335170112734442,6.228198776603811,0.829078408573884,34.82382083817805,0.1946312117688691,35.28638592588848,49.519741165765126,2.727364642839088,14.24093827410141,32461.0,21566.0,28.562762246600272,5.156463272837572,713400.0,2807558,1.084,34.059163,-118.30689199999999
90006,Los Angeles,ZCTA5 90006,23.966371993774967,33.2,62329.0,26.15636381138796,3.3531742848433312,1.110237610101237,18.1536684368432,0.1588345713873157,49.086300117120444,73.8644932535417,4.221149063838663,14.773219528630333,33790.0,15314.0,28.429783888719538,5.475781738837459,530500.0,4972251,1.92,34.048041,-118.294177
90007,Los Angeles,ZCTA5 90007,14.861357075277164,24.6,41221.0,29.83673370369472,10.962858737051503,0.6186167244850925,20.22512796875379,0.3420586594211688,34.95305790737731,49.69069163775745,2.979064069285073,9.235583804371558,23070.0,13013.0,40.059678319303266,5.885349700395429,523500.0,6389842,2.467,34.028127000000005,-118.28483
90008,Los Angeles,ZCTA5 90008,18.572885441453693,43.0,32359.0,18.368923637936895,66.72641305355542,0.29667171420624866,3.2417565437745295,0.16687783924101487,7.345715256960969,23.23928427948948,1.0136283568713496,13.510924317809573,36641.0,28926.0,22.272010877962853,5.537871998516642,566000.0,9513272,3.673,34.009552,-118.346724
90010,Los Angeles,ZCTA5 90010,6.544293695131684,38.8,3759.0,23.06464485235435,4.788507581803671,0.05320563979781857,66.21441872838521,0.0,3.2987496674647514,10.45490822027135,1.8888002128225592,15.137004522479383,47115.0,36598.0,14.232508645916468,4.761904761904762,816300.0,1184444,0.457,34.062148,-118.31588899999998
90011,Los Angeles,ZCTA5 90011,32.62718531064034,28.0,108051.0,40.91031087171798,8.366419561133169,0.9532535561910579,0.5728776226041407,0.20175657791228216,47.79409723186273,90.19259423790618,3.6047792246254082,10.952235518412602,33824.0,10887.0,35.94506297951893,3.6593830691062554,328500.0,11100438,4.2860000000000005,34.007090000000005,-118.25868100000001
90012,Los Angeles,ZCTA5 90012,10.117514726341652,35.5,33783.0,28.585383180889796,12.725335227777284,0.8643400526892224,40.42565787526271,0.2782464553177634,13.93304324660332,28.546902288133083,3.9753722286357043,12.035639226830062,38786.0,24502.0,22.292277180830595,2.8801468194062103,465100.0,8379976,3.236,34.065975,-118.238642
90013,Los Angeles,ZCTA5 90013,2.416994229321736,43.4,11957.0,35.68620891527975,30.74349753282596,1.1959521619135234,16.74333026678933,0.250899054946893,8.003679852805888,16.3418917788743,1.488667726018232,15.681190934180815,22808.0,37228.0,44.476039140252574,6.832817596387054,531900.0,1737688,0.6709999999999999,34.045405,-118.240454
90014,Los Angeles,ZCTA5 90014,1.187904967602592,40.5,7408.0,51.295896328293736,17.61609071274298,0.7964362850971922,16.144708423326133,0.17548596112311016,7.626889848812095,17.79157667386609,0.769438444924406,10.934125269978402,37619.0,46026.0,34.557235421166304,5.197084233261339,417200.0,733435,0.28300000000000003,34.043146,-118.251746
90015,Los Angeles,ZCTA5 90015,21.578243423985732,32.4,20187.0,33.41754594541041,6.776638430673206,0.6588398474265617,14.92049338683311,0.10402734433050974,42.10630603853966,64.56135136473968,2.883043542874127,7.742606628027938,32979.0,31423.0,36.72165254866994,4.319611631247833,617400.0,4430401,1.7109999999999999,34.039378,-118.2663
90016,Los Angeles,ZCTA5 90016,20.92089065503315,37.1,46303.0,39.23071939183206,32.96978597499082,0.6090318121935944,3.855041789948815,0.0,20.089411053279484,53.082953588320414,2.500917867092845,15.033583137161738,43443.0,23410.0,22.104399282983824,4.178994881541153,458100.0,9394067,3.627,34.028331,-118.35433799999998
90017,Los Angeles,ZCTA5 90017,22.277377794619174,30.8,26390.0,37.02538840469875,5.361879499810534,1.5119363395225465,15.547555892383478,0.5191360363774157,37.02917771883289,65.45661235316408,3.918150814702539,8.798787419477074,28638.0,21874.0,42.148541114058354,3.486169003410383,589300.0,1881079,0.726,34.052913000000004,-118.26433999999999
90018,Los Angeles,ZCTA5 90018,24.289020215349897,34.9,52287.0,19.389140704190336,31.17409681182703,0.9772983724443934,4.2247595004494425,0.17212691491192839,41.553349781016315,58.4122248360013,2.8534817449844128,15.397708799510395,37341.0,18577.0,24.669611949432937,5.1638074473578515,454900.0,7500311,2.8960000000000004,34.028887,-118.31718300000001
90019,Los Angeles,ZCTA5 90019,19.402210190610397,37.8,67415.0,33.089075131647256,18.931988429874657,1.0546614254987763,16.304976637246902,0.11718460283319736,26.95987539865015,47.68374990729066,2.3763257435288883,13.456945783579322,50671.0,30842.0,18.443966476303494,4.085144255729437,774600.0,10070056,3.888,34.049841,-118.33846000000001
90020,Los Angeles,ZCTA5 90020,17.97861753974127,34.5,39191.0,25.574749304687302,4.909290398305734,0.7399658084764359,48.12074200709347,0.8777525452272206,16.853359189609858,31.98948738230716,1.0487101630476385,14.750835651042332,42407.0,28351.0,18.17509121992294,4.623510499859662,623200.0,2927480,1.13,34.066379,-118.30986999999999
90021,Los Angeles,ZCTA5 90021,12.032932235592147,42.9,3158.0,37.42875237492083,22.54591513616213,1.0449651678277392,1.6466117796073465,0.0,31.95060164661178,48.036732108929705,3.324889170360988,13.267891070297656,12864.0,30598.0,48.44838505383154,6.396453451551615,915000.0,5362536,2.07,34.029036,-118.23787
90022,Los Angeles,ZCTA5 90022,26.855558520890785,32.1,67446.0,56.29244136049581,0.29505085549921417,1.0230406547460191,1.275094149393589,0.03410135515820063,39.597604009133235,95.92711206001839,3.2618687542626694,15.083177653233697,41276.0,14895.0,22.782670580909173,6.120451917089227,349600.0,11348322,4.382,34.023728000000006,-118.156275
90023,Los Angeles,ZCTA5 90023,28.118317135658177,31.3,47229.0,67.70839950030701,0.9718605094327638,0.7791822820724554,0.9379830189078744,0.0,28.19242414618137,96.81339854750259,3.540197759850939,12.420334963687564,40225.0,13689.0,26.07719833153359,4.130936500878698,355200.0,10940489,4.224,34.022502,-118.19961299999999
90024,Los Angeles,ZCTA5 90024,8.38730439679794,22.7,49718.0,60.07079930809767,2.0917977392493663,0.16493020636389236,28.949273904823205,0.05229494348123416,3.161832736634619,12.3516633814715,0.1568848304437025,2.7112916851039865,59418.0,42697.0,25.574238706303554,4.565750834707751,1098000.0,7605358,2.9360000000000004,34.065740000000005,-118.435025
90025,Los Angeles,ZCTA5 90025,11.748466904094578,34.1,47453.0,62.345900153836425,3.095694687374876,1.6121214675573725,20.6499062229996,0.0737571913261543,6.303078835900786,17.897709312372243,0.9251259140623354,5.097675594799064,78713.0,50487.0,12.218405580258361,4.0102838598191894,756200.0,6654371,2.569,34.045421000000005,-118.44587299999999
90026,Los Angeles,ZCTA5 90026,17.163928930606772,34.6,68609.0,51.09533734641228,3.984899940241076,1.7140608374994535,16.368114970339168,0.14283840312495444,22.794385576236355,52.47125012753429,2.4938419157836433,10.897987144543718,54342.0,32107.0,21.2668891836348,4.860878310425746,715100.0,10940039,4.224,34.080017,-118.262643
90027,Los Angeles,ZCTA5 90027,11.421431076815153,38.0,45616.0,67.22641178533848,2.475008768853034,0.11180287618379516,12.9165205191161,0.175377060680463,13.030515608558401,20.89398456681866,1.8546124166958962,11.20878639074009,58344.0,46196.0,15.082427218519818,5.180199929849175,959600.0,21066613,8.134,34.127607,-118.29638700000001
90028,Los Angeles,ZCTA5 90028,8.066593675532943,34.4,31054.0,56.28904488954724,9.006891221742771,0.6698009918206994,9.5833064983577,0.18999162748760223,19.50473368970181,29.4937850196432,2.128550267276357,11.624911444580409,40068.0,32587.0,23.984027822502735,7.834739486056547,649200.0,3947873,1.524,34.099911999999996,-118.32691200000001
90029,Los Angeles,ZCTA5 90029,16.092989727878898,35.9,38843.0,38.18448626522153,2.893700280616842,0.24714877841567334,17.624797260767707,0.25744664418299307,38.05061401024638,53.744561439641636,3.604253018561903,15.109543547099863,37379.0,22103.0,24.09443142908632,5.125762685683392,608000.0,3526894,1.3619999999999999,34.089847999999996,-118.294661
90031,Los Angeles,ZCTA5 90031,23.110758765312124,35.6,39103.0,36.32457867682786,0.918088126230724,1.0945451755619773,23.645244610387948,0.12275272996956756,35.02033092090121,66.7033219957548,5.590363910697389,11.541313965680382,41126.0,18906.0,24.604250313275195,4.217067744162852,432800.0,8944271,3.4530000000000003,34.084196999999996,-118.20856699999999
90032,Los Angeles,ZCTA5 90032,22.252229619394548,33.6,47766.0,43.786375245990875,1.5345643344638447,1.0718921408533266,9.806138257337855,0.09839634886739522,41.177825231336094,80.54683247498221,3.1235606917053973,13.174643051542938,47370.0,19476.0,21.000293095507264,5.250596658711217,419900.0,12347319,4.7669999999999995,34.078294,-118.18578500000001
90033,Los Angeles,ZCTA5 90033,30.019860363219426,30.0,48841.0,71.08167318441474,1.6318257201940993,0.632665178845642,5.247640302205115,0.04913904301713724,19.82350893716345,90.1210048934297,3.95159804262812,11.695092238078663,31683.0,13332.0,34.350238529104644,3.0978071702053604,356900.0,8462423,3.267,34.05038,-118.211991
90034,Los Angeles,ZCTA5 90034,14.217941858391297,33.6,56070.0,58.7462100945247,9.800249687890137,0.37274835027644015,18.582129481005886,0.3620474406991261,7.353308364544319,27.212413055109685,1.2199036918138042,9.077938291421438,65572.0,42477.0,13.160335295166757,3.5009809167112538,780200.0,8059575,3.112,34.030578000000006,-118.39961299999999
90035,Los Angeles,ZCTA5 90035,19.842914438502675,36.1,29920.0,74.80949197860963,7.349598930481283,0.0,7.279411764705882,0.06016042780748663,5.922459893048129,10.9725935828877,1.2032085561497325,8.529411764705882,76677.0,51296.0,11.306818181818182,3.1350267379679146,961200.0,5304459,2.048,34.051819,-118.383582
90036,Los Angeles,ZCTA5 90036,16.142827159198237,34.4,38116.0,65.49480533109455,4.8929583377059505,0.19676776156994438,19.55346835974394,0.2413684541924651,5.26025815930318,9.169377689159408,0.43813621576240946,6.005352083114703,74279.0,53842.0,11.766712141882675,3.7963060132227935,1153400.0,6398096,2.47,34.070409999999995,-118.35041100000001
90037,Los Angeles,ZCTA5 90037,28.764350548720707,30.1,63238.0,32.12150921914039,18.058762136689964,0.9234953667098896,1.024700338404124,0.0,45.79366836395838,78.2425124134223,4.073500110692938,13.599418071412758,31045.0,12433.0,36.941395996078306,4.558967709288718,326400.0,7348158,2.8369999999999997,34.002717,-118.28748600000002
90038,Los Angeles,ZCTA5 90038,17.416031763064705,33.4,27957.0,41.33133025718067,5.744536252101441,0.557999785384698,5.161498014808456,0.0,43.30221411453303,56.0432092141503,3.737883177737239,12.376149086096506,36996.0,24758.0,28.457989054619595,5.014844225059913,674300.0,4057212,1.5659999999999998,34.088475,-118.32552700000001
90039,Los Angeles,ZCTA5 90039,15.502543654612952,38.5,29092.0,59.31183830606352,1.5674412209542141,1.271827306476007,16.89124157844081,0.22686649250653101,16.000962463907605,38.08263440120995,1.8389935377423348,9.473394747696961,81394.0,45616.0,10.109308400934966,4.465145057060361,717800.0,9764931,3.77,34.111885,-118.26103300000001
90040,Los Angeles,ZCTA5 90040,25.013539651837526,34.6,12925.0,72.02321083172147,1.6170212765957446,1.7717601547388782,0.8820116054158608,0.0,21.547388781431334,94.87040618955513,4.139264990328821,13.934235976789168,43585.0,16510.0,16.154738878143135,4.518375241779497,356600.0,14455067,5.581,33.994523,-118.149952
90041,Los Angeles,ZCTA5 90041,18.05870650239084,39.3,28651.0,49.02795713936686,1.3367770758437751,0.6177794841366794,29.649924958989214,0.3594987958535479,12.788384349586401,37.55889846776727,1.2809326027014765,8.624480820913755,73250.0,35817.0,10.128791316184426,3.567065721964329,647700.0,9343795,3.608,34.137412,-118.20760700000001
90042,Los Angeles,ZCTA5 90042,21.587132375995484,35.0,63788.0,46.45544616542296,2.629021132501411,2.0599485796701575,12.74220856587446,0.16774314918166428,31.753621370790743,66.78372107606447,2.650968834263498,13.21721953972534,55596.0,25401.0,19.37354988399072,4.505549633159842,500300.0,12036686,4.647,34.114708,-118.192098
90043,Los Angeles,ZCTA5 90043,21.02488164950304,39.4,44571.0,19.577752350182855,60.016602723744136,0.42852976150411703,1.229499001592964,0.10769334320522313,16.08444952996343,33.94135200017949,1.8980951739920575,12.784097282986695,41812.0,27437.0,21.08994637768953,6.531152543133428,438200.0,10705823,4.1339999999999995,33.988504999999996,-118.336358
90044,Los Angeles,ZCTA5 90044,29.59442332065906,30.8,94680.0,26.664554288128432,34.409590198563585,0.4615547106041403,0.493240388677651,0.008449514152936205,36.36670891423743,63.38297422898184,3.0882974228981834,16.96134347275032,32278.0,14430.0,34.42754541613857,4.232150401351922,326600.0,13303665,5.1370000000000005,33.952725,-118.291904
90045,Los Angeles,ZCTA5 90045,15.350072428778368,35.0,41420.0,59.61612747464993,13.264123611781748,0.306615161757605,14.065668759053597,0.1545147271849348,5.919845485272815,17.725736359246742,0.35731530661516175,7.201834862385321,90399.0,48661.0,9.50748430709802,3.8121680347658136,840800.0,27794036,10.731,33.942143,-118.417309
90046,Los Angeles,ZCTA5 90046,7.0773999806257875,38.8,51615.0,78.99060350673254,5.192289063256805,0.22280344860990023,6.478736801317447,0.11430785624334011,4.0879589266686045,10.21602247408699,0.6083502857696406,9.59992250314831,65990.0,63973.0,13.265523588104234,4.977235299815945,1047200.0,14981234,5.784,34.10781,-118.362247
90047,Los Angeles,ZCTA5 90047,21.783423728114496,39.6,48491.0,16.355612381679073,64.48000659916273,0.39182528716669074,0.8290198181105772,0.23715741065352333,15.794683549524654,31.785279742632653,1.5074962364150049,18.19925346971603,42551.0,21712.0,19.92122249489596,6.042358375781073,351500.0,12252021,4.731,33.953621000000005,-118.30956299999998
90048,Los Angeles,ZCTA5 90048,11.408573928258967,36.7,22860.0,80.31496062992126,3.0796150481189852,0.14435695538057744,8.228346456692913,0.05249343832020997,3.254593175853018,8.692038495188102,0.49431321084864394,5.533683289588802,85396.0,70123.0,8.495188101487313,4.221347331583552,1078000.0,4884081,1.886,34.072925,-118.37271100000001
90049,Los Angeles,ZCTA5 90049,16.9270117155272,40.6,36362.0,84.62955833012485,1.4300643528958803,0.18425829162312304,8.712392057642594,0.0,0.9652934382047192,5.753258896650349,0.3960178208019361,3.830922391507618,121671.0,99599.0,7.312579066057973,2.9948847698146417,1914900.0,38899395,15.019,34.09254,-118.491064
90056,Los Angeles,ZCTA5 90056,20.314449713002247,50.3,8014.0,17.793860743698527,70.10232093835788,0.0,5.253306713251809,0.0,0.4616920389318692,8.32293486398802,0.23708510107312203,7.898677314699277,84438.0,54647.0,6.962815073621163,5.839780384327427,864600.0,4090958,1.58,33.988046999999995,-118.37036100000002
90057,Los Angeles,ZCTA5 90057,22.363279272712546,34.1,49389.0,30.52704043410476,4.737897102593695,1.0123711757678835,19.534714207617082,0.269290732754257,42.07819554961631,68.94652655449595,5.159043511713135,12.9239304298528,31337.0,15492.0,34.34165502439814,4.946445564801879,378300.0,2293708,0.8859999999999999,34.061735,-118.276757
90058,Los Angeles,ZCTA5 90058,40.67105675760426,23.5,3189.0,55.18971464408906,6.428347444339918,0.0,1.317027281279398,0.3449357165255566,36.18689244277203,89.99686422075885,4.421448730009407,8.184383819379116,16425.0,9429.0,55.62872373784886,4.107870805895265,321700.0,15040197,5.807,34.002844,-118.2164
90059,Los Angeles,ZCTA5 90059,35.12491816434711,26.3,47351.0,36.516652235433256,31.044750902832043,0.41604189985427975,0.589216700808853,0.14994403497286224,29.51785601148867,67.08411649173196,2.344195476336297,13.045131042639015,37653.0,12208.0,34.2210301788769,5.332516736710946,286700.0,8581851,3.313,33.926262,-118.24988300000001
90061,Los Angeles,ZCTA5 90061,28.282683998143057,29.9,28003.0,36.79962861122023,32.51437345998643,0.4999464343106096,0.2821126307895583,0.039281505552976465,27.83630325322287,65.08231260936329,2.6782844695211225,15.301931935864015,37126.0,14215.0,30.832410813127165,3.556761775524051,298200.0,6893901,2.662,33.921279999999996,-118.27418600000001
90062,Los Angeles,ZCTA5 90062,24.251345644868707,34.6,33627.0,19.98096767478514,32.827787194813695,0.41633211407499926,1.2727867487435691,0.1278734350373212,43.23311624587385,63.240848127992386,3.4258185386742794,15.835489338924079,40018.0,17269.0,23.124275136051388,4.130609331786957,357600.0,5008333,1.9340000000000002,34.003638,-118.308806
90063,Los Angeles,ZCTA5 90063,26.82612592426619,31.8,53556.0,40.98140264396146,0.4910747628650385,0.22966614384942863,1.33131675255807,0.061617745910822315,55.54746433639555,96.12555082530436,3.372171185301367,11.97998356860109,44121.0,16107.0,22.389648218686983,5.32900141907536,350400.0,8475619,3.272,34.045105,-118.185914
90064,Los Angeles,ZCTA5 90064,21.10585611566117,38.5,26007.0,71.68454646825855,3.8182027915561196,0.48063982773868574,17.895182066366747,0.14995962625446996,2.3878186642057906,12.008305456223324,0.24993271042411658,5.53697081554966,92194.0,61983.0,9.05140923597493,2.0033068020148423,1052100.0,10388702,4.011,34.037251,-118.423573
90065,Los Angeles,ZCTA5 90065,21.156546881453945,36.5,48420.0,52.48451053283767,1.9372160264353573,0.929368029739777,16.150351094589013,0.039239983477901696,24.151177199504335,61.875258157786035,2.604295745559686,10.743494423791821,58405.0,28540.0,17.604295745559686,4.8182569186286655,604600.0,13672054,5.279,34.109595,-118.22868899999999
90066,Los Angeles,ZCTA5 90066,16.794148660183776,37.1,59747.0,61.24324233852746,4.098950574924264,2.892195424038027,14.206571041223826,0.14394028152041108,10.64321221149179,30.25591243074966,0.9824761075869918,8.000401693808895,75209.0,45168.0,10.603042830602373,4.124056437980149,911400.0,12745937,4.921,34.002028,-118.430656
90067,Los Angeles,ZCTA5 90067,5.861297539149888,65.4,2235.0,70.78299776286353,0.7606263982102909,0.0,24.161073825503355,1.342281879194631,1.1185682326621924,1.342281879194631,0.7606263982102909,7.382550335570469,123889.0,148638.0,4.832214765100671,1.342281879194631,1066900.0,849912,0.32799999999999996,34.057596999999994,-118.41399799999999
90068,Los Angeles,ZCTA5 90068,11.373469575623677,40.5,21726.0,80.07456503728253,3.1298904538341157,0.28076958482923686,7.134309122710117,0.041425020712510356,3.580962901592562,10.655435883273498,0.4234557672834392,6.1401086256098685,82718.0,81674.0,10.301021817177576,6.55896161281414,1121600.0,20067143,7.747999999999999,34.129771999999996,-118.33098899999999
90069,West Hollywood,ZCTA5 90069,4.529189745600706,41.9,20401.0,77.6383510612225,3.460614675751189,0.23528258418704964,7.509435811970001,0.333316994264987,4.896818783392971,12.17587373167982,0.07842752806234989,8.381942061663644,86403.0,82735.0,9.73481692073918,4.6223224351747465,777600.0,5475728,2.114,34.09383,-118.381698
90071,Los Angeles,ZCTA5 90071,,-666666666.0,0.0,,,,,,,,,,-666666666.0,-666666666.0,,,-666666666.0,319156,0.12300000000000001,34.052876,-118.254943
90073,Los Angeles,ZCTA5 90073,0.0,55.9,944.0,48.19915254237288,34.21610169491525,0.423728813559322,8.474576271186441,0.0,4.13135593220339,18.53813559322034,3.2838983050847457,20.021186440677965,-666666666.0,11695.0,48.83474576271186,6.038135593220339,-666666666.0,878303,0.33899999999999997,34.054534000000004,-118.457025
90077,Los Angeles,ZCTA5 90077,20.747538048343777,49.2,8936.0,82.78871978513877,2.764100268576544,0.0,9.232318710832587,0.0,1.3428827215756491,6.7032229185317815,0.5035810205908684,4.252461951656222,184722.0,110727.0,4.162936436884512,2.081468218442256,1744400.0,18991437,7.332999999999999,34.108022999999996,-118.45696399999999
90089,Los Angeles,ZCTA5 90089,1.5600624024960998,19.1,3846.0,49.9739989599584,6.344253770150806,0.0,32.085283411336455,0.6760270410816432,6.4742589703588145,11.284451378055122,0.0,0.10400416016640665,-666666666.0,6764.0,0.39001560062402496,9.646385855434218,-666666666.0,742759,0.287,34.020221,-118.28603500000001
90094,Playa Vista,ZCTA5 90094,19.57282913165266,35.0,8568.0,54.31839402427638,11.017740429505135,0.0,26.108776844070963,0.0,2.661064425770308,10.620915032679738,0.15172735760971054,0.8520074696545284,136250.0,82803.0,10.469187675070028,2.07749766573296,889100.0,1578993,0.61,33.975409,-118.417
90201,Bell Gardens,ZCTA5 90201,31.281712319446335,28.9,102878.0,77.52677929197691,0.8689904547133498,0.4461595287622232,0.8203891988568984,0.1205311145239993,18.888392076051247,94.37391862205719,3.071599370127724,12.556620463072766,39498.0,12721.0,27.91170123836,4.262330138610782,348600.0,15377705,5.937,33.970343,-118.17136799999999
90210,Beverly Hills,ZCTA5 90210,19.859112709832136,47.1,20016.0,85.4216626698641,0.9392486011191047,0.0749400479616307,8.393285371702637,0.0,1.4538369304556356,4.016786570743405,1.0191846522781776,9.232613908872901,149732.0,111084.0,7.658872901678657,2.453037569944045,2000001.0,26222763,10.125,34.100516999999996,-118.41463
90211,Beverly Hills,ZCTA5 90211,17.857588227958598,41.9,8019.0,80.60855468262875,2.119965082928046,0.0,11.709689487467266,0.0,2.606310013717421,8.704327222845741,0.3117595710188303,9.028557176705325,71402.0,61991.0,10.487591969073451,3.554059109614665,1242300.0,1813978,0.7,34.064958000000004,-118.382979
90212,Beverly Hills,ZCTA5 90212,21.624895888543954,40.6,13207.0,81.31294010751874,1.370485348678731,0.10600439161050958,10.229423790414174,0.0,1.0297569470735217,6.594987506625275,0.23472400999469978,4.944347694404483,103032.0,73331.0,9.358673430756417,2.922692511546907,1641000.0,2474159,0.955,34.06221,-118.40196599999999
90220,Compton,ZCTA5 90220,27.04155628178601,32.4,51713.0,35.96967880416916,37.064181153675094,0.4022199446947576,0.8837236284880011,0.39255119602421057,23.322955543093613,58.33349447914451,3.4053332817666737,15.305629145475992,54014.0,17800.0,19.409046081256164,5.253998027575271,266700.0,17898359,6.9110000000000005,33.88151,-118.234451
90221,Compton,ZCTA5 90221,30.27147569988389,29.6,54259.0,44.44055364087064,20.890543504303434,0.5400025802171068,0.8275124864077849,0.0,31.48786376453676,77.08582907904679,3.7357857682596434,14.086142391124053,46008.0,14049.0,23.55553917322472,5.551152804143092,301500.0,13809078,5.332000000000001,33.885639000000005,-118.205808
90222,Compton,ZCTA5 90222,31.907319318704925,27.9,32585.0,41.50682829522786,27.26407856375633,0.5278502378394967,0.797913150222495,0.6659505907626209,28.135645235537826,69.94322541046493,3.2653061224489797,15.804818167868651,40719.0,13813.0,26.300444990026087,4.962406015037594,289700.0,6664307,2.573,33.912246,-118.236773
90230,Culver City,ZCTA5 90230,19.82729583244021,39.4,32657.0,61.1323759071562,7.716569188841596,0.3797041981810944,17.004011391125946,0.27865388737483543,8.534158067183146,31.818599381449612,1.3871451756131916,8.423921364485409,79242.0,42370.0,11.164528278776373,3.604127752089904,658500.0,11678894,4.5089999999999995,33.997862,-118.39361699999999
90232,Culver City,ZCTA5 90232,15.53313151698621,40.7,14865.0,67.09048099562732,6.2832156071308445,0.006727211570803902,15.425496131853347,0.0,5.785401950891355,26.162125798856373,0.9754456777665658,7.238479650184998,82254.0,50533.0,9.411368987554658,2.267070299360915,896700.0,5454842,2.106,34.019323,-118.391902
90240,Downey,ZCTA5 90240,25.194578381867192,35.6,26339.0,70.0254375640685,2.7715554880595317,0.1632560082007669,7.32753711226698,0.0,17.354493336876875,73.73856258779756,2.433653517597479,12.50237290709594,81205.0,30648.0,6.2720680359922545,2.707012415049926,530800.0,7624808,2.944,33.955729,-118.118346
90241,Downey,ZCTA5 90241,22.783862847812777,35.6,44097.0,66.01356101322085,2.372043449667778,0.281198267455836,6.855341633217679,0.08617366260743362,20.758781776538086,75.80787808694468,1.7234732521486722,14.570152164546341,64222.0,25576.0,10.982606526521078,3.3562373857632037,496300.0,12753186,4.9239999999999995,33.940445000000004,-118.12902199999999
90242,Downey,ZCTA5 90242,25.63720236708448,33.2,42922.0,55.78724197381296,5.423791994781231,0.347141326126462,8.054144727645497,1.139275895811006,27.05139555472718,72.42439774474629,2.411350822422068,15.024928940869485,62402.0,22651.0,12.811611760868553,3.452774800801454,447000.0,11787996,4.551,33.921793,-118.140588
90245,El Segundo,ZCTA5 90245,23.651721897335932,38.7,16929.0,75.86980920314254,1.7484789414613977,0.4843759229724142,9.037745879851142,0.3189792663476874,4.235335814283182,17.862838915470494,0.8624254238289326,8.624254238289327,92942.0,48205.0,8.701045543150807,3.6918896568019375,875600.0,14149157,5.462999999999999,33.91714,-118.40426699999999
90247,Gardena,ZCTA5 90247,22.426984093893974,37.3,47969.0,25.679084408680605,18.159644770581,0.34188746899038963,24.65133732202047,0.08130250786966582,28.255748504242323,48.34789134649461,2.168066876524422,17.7635556296775,46076.0,22287.0,19.458400216806687,4.415351581229544,397000.0,9723627,3.7539999999999996,33.890853,-118.29796699999999
90248,Gardena,ZCTA5 90248,19.99265987705294,42.9,10899.0,32.16808881548766,14.983025965684925,0.33030553261767137,32.74612349756858,0.3945316084044408,17.074961005596844,41.058812735113314,1.6698779704560052,17.52454353610423,58703.0,27571.0,11.08358565005964,3.4773832461693734,424900.0,12157545,4.694,33.87834,-118.2841
90249,Gardena,ZCTA5 90249,22.52149433158335,40.5,26286.0,25.405158639580005,28.391539222399757,1.2820512820512822,15.049836414821579,2.815186791447919,21.46009282507799,36.90938141976718,1.2630297496766338,14.73027467092749,53964.0,25783.0,12.443886479494788,3.20703035836567,420000.0,7712634,2.978,33.90139,-118.315697
90250,Hawthorne,ZCTA5 90250,25.926610592476198,33.2,97371.0,33.696891271528486,22.188331227983692,0.4467449240533629,7.556664715366998,0.7784658676608025,26.183360548828706,54.90649166589642,2.702036540653788,14.192110587341201,49417.0,23118.0,16.30567622803504,4.8494931755861606,466200.0,17339239,6.695,33.914775,-118.348083
90254,Hermosa Beach,ZCTA5 90254,17.832911392405062,39.5,19750.0,85.76202531645569,1.1949367088607594,1.0025316455696203,6.030379746835443,0.0,1.3721518987341772,9.017721518987342,0.23291139240506328,5.660759493670886,124849.0,88305.0,4.703797468354431,2.3797468354430378,1220500.0,3695157,1.4269999999999998,33.864259000000004,-118.399303
90255,Huntington Park,ZCTA5 90255,27.545084351367073,31.4,75636.0,62.95811518324607,1.0629858797398064,0.5328150616108731,0.7245227140515098,0.21153947855518537,33.41927124649638,96.74361415199111,3.2154000740388176,12.27854460838754,40325.0,13886.0,25.928129462160875,4.246655031995346,357800.0,9630267,3.718,33.979248,-118.21743799999999
90260,Lawndale,ZCTA5 90260,22.72140169596226,36.1,35614.0,44.81945302409165,9.65912281686977,0.3959117201100691,11.548829112146908,1.1034986241365754,24.24046723198742,58.15128881900376,2.7124164654349414,14.23597461672376,58792.0,23261.0,14.659965182231707,3.6502499017240413,450200.0,6941333,2.68,33.88856,-118.35181299999999
90262,Lynwood,ZCTA5 90262,29.49120691105938,29.3,71306.0,57.50287493338569,8.216699856954534,0.7657139651642219,1.061621742910835,0.33657756710515246,30.66361876980899,87.99259529352369,2.929627240344431,14.226011836311109,45897.0,14528.0,21.85510335736123,4.181976271281519,345000.0,12517561,4.833,33.923533,-118.200705
90263,Malibu,ZCTA5 90263,2.569593147751606,19.7,1868.0,51.820128479657384,5.5139186295503215,0.4817987152034261,29.443254817987153,0.0,4.9785867237687365,18.79014989293362,0.0,0.10706638115631692,-666666666.0,13605.0,0.0,6.1563169164882225,-666666666.0,585122,0.226,34.039034,-118.70799199999999
90265,Malibu,ZCTA5 90265,16.63999116949059,49.4,18119.0,86.51691594458855,1.9813455488713505,0.3587394447817209,5.011314090181577,0.03863347866880071,1.1479662233015067,9.18924885479331,0.3642585131629781,6.385562117114631,137672.0,103495.0,7.9640156741542025,2.825763011203709,1692300.0,279139912,107.777,34.066117,-118.84634199999999
90266,Manhattan Beach,ZCTA5 90266,25.02661213513362,43.7,35698.0,79.79718751750798,0.5714605860272284,0.19889069415653537,10.6392514986834,0.0,2.6332007395372288,8.555101126113508,0.2633200739537229,4.72575494425458,148899.0,89867.0,3.823743627093955,2.5911815787999326,1694900.0,10194996,3.9360000000000004,33.889151,-118.40212700000001
90270,Maywood,ZCTA5 90270,30.760589919194114,29.0,27597.0,78.62811175127732,0.5435373410153278,0.16668478457803385,0.18117911367177592,0.0,19.886219516614126,97.70264883864188,3.391673007935645,14.139218030945393,37553.0,13319.0,25.781787875493713,4.464253360872559,350800.0,3267822,1.262,33.987728999999995,-118.18659699999999
90272,Pacific Palisades,ZCTA5 90272,25.10577048894317,47.6,22927.0,87.87892005059537,0.4623369825969381,0.09159506258995943,5.56112880010468,0.00872333929428185,0.32712522353556944,5.56112880010468,0.32712522353556944,2.564661752518864,180962.0,124168.0,4.182841191608148,1.8493479303877525,2000001.0,59133973,22.831999999999997,34.092566999999995,-118.53436299999998
90274,Palos Verdes Peninsula,ZCTA5 90274,22.479703633640735,50.7,25374.0,68.5465437061559,1.2611334436825097,0.09064396626468038,23.831481043587925,0.03941042011507843,1.6158272247182155,9.017104122329943,0.4059273271853078,5.351935051627651,158497.0,81257.0,4.748955623866951,1.6434145187987703,1455300.0,31003154,11.97,33.7801,-118.37241200000001
90275,Rancho Palos Verdes,ZCTA5 90275,21.717598460310754,49.4,42606.0,60.226259212317515,1.9574707787635544,0.1478664976763836,28.75886025442426,0.6900436558231235,2.194526592498709,10.658123269023143,0.54217715814674,5.825470590996574,124384.0,60938.0,4.471201239262076,1.837769328263625,1051900.0,35023143,13.523,33.753134,-118.36797299999999
90277,Redondo Beach,ZCTA5 90277,18.64440753679629,43.2,34922.0,79.8951950060134,2.2450031498768683,0.3035335891415154,9.074508905560965,0.03149876868449688,3.5106809461084705,13.638966840387148,0.3608040776587824,6.820915182406506,101532.0,63222.0,5.489376324380047,2.46835805509421,956400.0,9277121,3.582,33.830006,-118.387124
90278,Redondo Beach,ZCTA5 90278,23.203783571848657,39.6,40808.0,67.99892178004313,3.487061360517546,0.3528719858851206,14.435894922564204,0.1249754950009802,5.942462262301509,18.25867476965301,0.6910409723583611,8.243481670260733,107242.0,51917.0,4.8495393060184275,3.232209370711625,767100.0,9332861,3.603,33.873215,-118.37036100000002
90280,South Gate,ZCTA5 90280,27.27834835464263,31.6,95420.0,60.61098302242716,0.9306225110039824,0.5093271850765039,0.6088870257807587,0.14357577027876756,35.18025571159086,95.24627960595264,3.4217145252567596,14.138545378327395,47281.0,15898.0,19.231817229092435,5.452735275623559,351000.0,18920076,7.305,33.944159,-118.192761
90290,Topanga,ZCTA5 90290,23.27616380819041,45.9,5714.0,89.51697584879244,1.5400770038501925,0.4200210010500525,4.252712635631782,0.0,1.2600630031501574,4.427721386069304,0.0,6.230311515575779,103553.0,56822.0,6.300315015750788,4.217710885544277,931800.0,51929074,20.05,34.107752000000005,-118.61621799999999
90291,Venice,ZCTA5 90291,13.584836216415164,38.4,27170.0,82.84873021715127,5.752668384247332,0.7471475892528524,3.3198380566801617,0.05520794994479205,3.658446816341553,19.197644460802355,1.0820758189179243,6.783216783216783,88078.0,71411.0,11.074714758925285,4.987118145012881,1324200.0,6470938,2.498,33.993396000000004,-118.465193
90292,Marina Del Rey,ZCTA5 90292,9.387316374059477,39.8,22328.0,76.20924399856682,7.676460050161232,0.0,8.554281619491222,0.4344321031888212,3.9501970619849516,7.457004657828735,0.5329630956646363,5.472948763883912,103948.0,77900.0,11.286277319957005,3.372447151558581,860200.0,5272860,2.036,33.976463,-118.45526699999999
90293,Playa Del Rey,ZCTA5 90293,8.674188998589562,38.5,12762.0,69.54239147469049,5.555555555555555,0.5093245572794233,12.976022566995768,0.0,5.367497257483153,13.446168312176775,0.4152954082432221,6.550697382855351,100042.0,75278.0,5.665256229431123,3.4085566525622943,688400.0,7403879,2.859,33.947305,-118.43984099999999
90301,Inglewood,ZCTA5 90301,24.449597526520602,33.7,37518.0,29.457860227090997,30.822538514846208,1.2553974092435631,1.5166053627592089,0.17058478596940135,32.28050535742843,62.404712404712406,1.9057519057519057,12.676581907351139,42100.0,18999.0,20.286262593954902,5.863852017698171,354400.0,6416791,2.478,33.956526000000004,-118.358654
90302,Inglewood,ZCTA5 90302,26.097371487763823,34.0,30892.0,29.091674219862746,46.189952091156286,0.9614139583063577,1.4210798912339764,0.11329794121455393,17.92373430014243,45.36773274634209,1.7803962190858476,10.501100608571798,43788.0,22542.0,20.600802796840608,7.7722387673184,379900.0,4903589,1.893,33.975332,-118.35525200000001
90303,Inglewood,ZCTA5 90303,26.14972828291021,31.9,24658.0,25.967231730067322,34.75545461919052,0.4217698110146808,1.1923108119068861,0.0,34.362073160840296,60.280639143482844,2.2021250709708817,14.636223537999838,44470.0,18870.0,23.225727958471897,5.341065779868602,390800.0,5767483,2.227,33.939766,-118.33108500000002
90304,Inglewood,ZCTA5 90304,28.52295947873694,29.2,25937.0,44.673632262790605,3.377414504375988,0.9985734664764622,2.706558198712264,0.0,46.030766858156305,91.35597794656283,3.2964490881751938,12.433974630836257,41054.0,14737.0,27.300767243705902,4.9003354281528315,373200.0,4057536,1.567,33.937886,-118.35855900000001
90305,Inglewood,ZCTA5 90305,18.99319378451265,43.1,15574.0,12.38602799537691,76.8074996789521,0.0,0.9888275330679337,0.46872993450622835,7.197893925773726,17.522794400924617,1.335559265442404,12.533710029536406,68760.0,35079.0,12.23192500321048,3.640683189931938,422100.0,5986291,2.311,33.958890000000004,-118.330548
90401,Santa Monica,ZCTA5 90401,6.7869071476285905,36.3,7485.0,77.32798931195725,6.733466933867735,0.4141616566466266,9.098196392785571,0.280561122244489,1.4161656646626586,13.507014028056112,0.2939211756847027,7.027388109552438,71154.0,71115.0,13.800935203740815,4.916499665998664,949100.0,2197991,0.8490000000000001,34.013666,-118.49375
90402,Santa Monica,ZCTA5 90402,20.237993322489512,49.3,11681.0,86.21693348172245,1.044431127471963,0.0,8.244157178323773,0.0,0.7704819792825957,7.293896070541906,0.27394914818936733,4.537282766886396,140179.0,114433.0,6.780241417686842,4.032189024912251,2000001.0,5189908,2.004,34.034665999999994,-118.50403899999999
90403,Santa Monica,ZCTA5 90403,12.631238895170409,39.8,24764.0,81.5942497173316,2.1563560006460993,0.9005007268615732,9.291713778064933,0.18171539331287354,1.300274592149895,9.776288160232596,0.032304958811177516,4.906315619447585,92096.0,71028.0,9.223065740591181,4.373283799063156,1018300.0,3697304,1.4280000000000002,34.030755,-118.492101
90404,Santa Monica,ZCTA5 90404,16.740458691224653,37.9,22586.0,65.69999114495705,8.053661560258567,0.10626051536349951,12.29079961037811,0.11954307978393695,8.071371646152484,28.16346409280085,1.8418489329673249,8.987868591162668,73601.0,45565.0,12.574160984680775,5.202337731337997,790000.0,5161108,1.993,34.026607,-118.47363999999999
90405,Santa Monica,ZCTA5 90405,15.689807454513337,41.7,28305.0,77.58346581875993,3.4587528705175763,0.25790496378731675,9.3764352587882,0.0,3.048931284225402,15.795795795795796,0.7277866101395514,4.826002473061297,88445.0,65836.0,10.291467938526763,3.6954601660484014,1197900.0,6852898,2.6460000000000004,34.011312,-118.46976200000002
90501,Torrance,ZCTA5 90501,24.088541666666668,36.1,43008.0,37.562779017857146,6.752232142857143,0.5324590773809523,24.879092261904763,0.6440662202380952,22.27725074404762,42.250279017857146,1.7717633928571428,11.056082589285714,64995.0,28321.0,15.983072916666666,4.182942708333333,577100.0,14565698,5.624,33.833744,-118.314022
90502,Torrance,ZCTA5 90502,18.317601332593004,43.2,18010.0,32.870627429205996,7.462520821765685,0.3553581343697946,34.26985008328706,0.2498611882287618,20.05552470849528,40.52748473070516,3.331482509716824,14.963908939478067,68676.0,28733.0,9.422543031649084,3.5702387562465296,405000.0,5789197,2.235,33.833181,-118.29206200000002
90503,Torrance,ZCTA5 90503,20.867053297757394,40.3,45349.0,46.72208868993803,2.0617874705065162,0.32635780281814375,40.62052084941234,0.8467661910957243,3.1797834571875896,10.96385807845818,1.0805089417627731,10.765397252420119,84615.0,40259.0,7.788484861849214,2.628503384859644,704600.0,13720274,5.297000000000001,33.839463,-118.353699
90504,Torrance,ZCTA5 90504,19.855185207348452,40.9,33422.0,40.31775477230567,3.524624498833104,0.8108431572018431,38.9803123690982,0.28424391119621806,7.722458261025672,24.92669499132308,1.0322542038178446,12.530668421997486,79352.0,35553.0,9.849799533241578,4.000359044940458,581400.0,11527765,4.4510000000000005,33.867257,-118.330794
90505,Torrance,ZCTA5 90505,21.72447013487476,43.2,37368.0,53.75187326054378,1.873260543780775,0.19535431385142368,35.313637336758724,0.25690430314707774,2.919610361806894,12.612395632626846,0.3371868978805395,9.275315778205952,91569.0,46691.0,4.554699207878398,2.2586169985013917,809200.0,15005482,5.794,33.807882,-118.34795700000001
90601,Whittier,ZCTA5 90601,22.163115356355622,38.8,34025.0,51.16825863335782,1.4489346069066862,0.7259368111682586,6.7538574577516535,0.0,36.74063188831742,72.36443791329904,1.4959588537839823,15.997060984570169,69740.0,31195.0,10.471711976487876,2.9066862601028656,475200.0,29388776,11.347000000000001,34.007844,-118.03036499999999
90602,Whittier,ZCTA5 90602,24.89237972962767,32.4,26482.0,48.65946680764293,1.8994033683256553,0.23412128993278453,3.9649573295068348,0.13971754399214562,43.406842383505776,76.50101956045616,2.6961709840646475,16.588626236689073,48427.0,21818.0,17.66860509024998,3.0473529189638247,490300.0,9610613,3.7110000000000003,33.972782,-118.022066
90603,Whittier,ZCTA5 90603,23.046818379475287,40.4,20697.0,66.60385563125091,1.2175677634439774,0.14011692515823548,4.928250471082766,0.1546117794849495,22.447697733971108,53.73725660723776,0.43967724791032514,14.72677199594144,95354.0,33952.0,5.624003478765038,2.401314200125622,531300.0,8467454,3.2689999999999997,33.945555,-117.990719
90604,Whittier,ZCTA5 90604,23.343566438637627,35.8,41369.0,54.46348715221543,0.8218714496362011,0.517295559476903,5.653992119703159,0.08702168290265658,34.28412579467717,68.4957335202688,1.348836084991177,16.541371558413303,66974.0,24707.0,10.52478909328241,3.2584785709105852,449500.0,11036444,4.261,33.927690999999996,-118.013828
90605,Whittier,ZCTA5 90605,26.92620402697403,33.7,41818.0,52.24783586015592,0.9804390453871539,1.0665263762016357,4.605672198574776,0.07891338657994165,38.206035678415994,77.06011765268545,2.431967095509111,18.111817877469033,66963.0,23945.0,14.572672055095891,2.783490363001578,423300.0,14638170,5.652,33.950295000000004,-118.02435200000001
90606,Whittier,ZCTA5 90606,22.117242860210435,37.3,32599.0,45.98300561366913,1.070584987269548,2.052210190496641,2.046075032976472,0.16564925304457193,45.06579956440382,87.23887235804779,2.3405625939445995,19.834964262707445,66566.0,23052.0,9.386791005859076,2.8405779318384,398400.0,9797756,3.783,33.977272,-118.066363
90638,La Mirada,ZCTA5 90638,19.394742655180032,38.8,49797.0,53.55543506636946,2.2832700765106333,0.6004377773761471,19.1095849147539,0.09438319577484587,17.92678273791594,41.8177801875615,1.3796011807940238,14.231781030985802,86141.0,30777.0,6.893989597766934,3.265256943189349,479000.0,20381096,7.869,33.902045,-118.00896100000001
90640,Montebello,ZCTA5 90640,22.25754166207689,36.8,63547.0,59.44104363699309,1.5500338332258015,0.7994083119580783,13.13988071820857,0.10700741183690811,22.306324452767242,77.673218247911,2.5886351834075567,18.144050859993392,50326.0,22313.0,13.613545879427825,3.8066313122570694,441800.0,21990675,8.491,34.015444,-118.11101200000002
90650,Norwalk,ZCTA5 90650,24.381602195406188,34.9,106404.0,48.658885004323146,4.021465358445171,0.6578700048870343,13.605691515356565,0.22085635878350438,29.960339836848238,70.37893312281493,3.293109281605955,15.941130032705537,63669.0,21066.0,13.670538701552573,3.2733731814593434,375400.0,25408338,9.81,33.906956,-118.08263999999998
90660,Pico Rivera,ZCTA5 90660,23.344428046597795,36.3,63694.0,55.76349420667567,0.9859641410493925,0.9325839168524508,3.149433227619556,0.07850032970138475,37.157346060853456,89.49822589254875,3.2797437749238547,18.88089929977706,61524.0,21055.0,10.552014318460138,3.377084183753572,380200.0,20071548,7.75,33.989523999999996,-118.08929499999999
90670,Santa Fe Springs,ZCTA5 90670,22.6895805792573,37.2,16642.0,53.64739814926091,4.2302607859632255,1.5202499699555343,5.077514721788247,0.0,31.48660016824901,79.16115851460161,4.02595841845932,18.699675519769258,66509.0,24827.0,12.744862396346592,2.0069703160677803,408400.0,21918047,8.463,33.933565,-118.062611
90701,Artesia,ZCTA5 90701,20.683538315988645,39.0,16912.0,36.654446546830656,4.097682119205298,0.5085146641438032,36.790444654683064,0.1596499526963103,17.058893093661304,37.12748344370861,1.566934720908231,16.236991485335857,62863.0,22833.0,11.42384105960265,2.2764900662251657,438800.0,4221722,1.63,33.8676,-118.08061200000002
90703,Cerritos,ZCTA5 90703,19.315211195628674,45.1,50877.0,22.589775340527154,7.142716748235942,0.29482870452267235,60.35143581579103,0.42258780981583033,5.014053501582247,13.831397291506967,0.9945554965898147,9.526898205475952,98175.0,37619.0,5.788470232128467,3.2018397311162214,637300.0,22732228,8.777000000000001,33.867743,-118.06947199999999
90704,Avalon,ZCTA5 90704,30.532994923857867,34.7,3940.0,70.68527918781726,0.38071065989847713,0.25380710659898476,0.050761421319796954,0.025380710659898477,18.730964467005077,66.37055837563452,0.9644670050761421,19.314720812182742,63021.0,30825.0,14.34010152284264,1.16751269035533,656300.0,193702934,74.789,33.399248,-118.435601
90706,Bellflower,ZCTA5 90706,25.96593536453784,34.1,77852.0,32.14946308380003,13.267481888711915,0.443148538252068,13.383085855212455,0.4174587679186148,36.02990289266814,55.072445152340336,2.0628885577762937,15.614242408672867,52944.0,22780.0,14.707393515901968,3.48995529979962,398000.0,15823887,6.11,33.887821,-118.12725
90710,Harbor City,ZCTA5 90710,23.17647469215474,36.6,28667.0,37.71932884501343,13.513796351205219,0.5546447134335647,20.37185614120766,1.608120835804235,19.597446541319286,44.93668678271183,1.5174242159974884,14.263787630376392,57968.0,24964.0,17.48700596504692,4.848780828129906,444000.0,6097006,2.354,33.799904,-118.29866100000001
90712,Lakewood,ZCTA5 90712,22.344380540815354,38.7,31471.0,51.58399796638175,9.437259699405802,0.6164405325537796,16.64389437895205,1.8779193543262052,13.46318833211528,32.67134822535032,1.1026023958565028,14.063741222077468,83627.0,32656.0,5.948333386292142,2.7294969972355503,475200.0,11092566,4.283,33.849034,-118.147902
90713,Lakewood,ZCTA5 90713,21.98983648494486,39.1,28927.0,63.14170152452726,4.84668302969544,0.17630587340546894,12.500432122238738,1.8563971376222905,10.996646731427386,28.253880457703875,0.9921526601445017,13.257510284509282,94110.0,34990.0,4.497528260794414,2.7897811732983024,506800.0,8790088,3.3939999999999997,33.847989,-118.112601
90715,Lakewood,ZCTA5 90715,22.089302417171268,36.2,20313.0,34.47053610988037,8.349332939496874,0.8270565647614828,28.912519076453503,0.4726037512922759,22.54713730123566,41.08698862797223,2.776547038842121,13.803967902328559,69905.0,26219.0,11.9923201890415,3.096539162112933,411500.0,4404197,1.7,33.841027000000004,-118.07914099999999
90716,Hawaiian Gardens,ZCTA5 90716,29.016586855437573,30.8,14409.0,30.72385314733847,5.482684433340274,0.25678395447289887,10.465681171490042,0.14574224443056424,50.53091817613991,76.78534249427442,2.547019224096051,17.190644735928934,38500.0,14295.0,26.164202928725103,4.455548615448678,311400.0,2411805,0.9309999999999999,33.830482,-118.073451
90717,Lomita,ZCTA5 90717,19.66421343146274,40.4,21740.0,58.482060717571294,4.323827046918123,0.7773689052437902,16.471941122355105,0.22079116835326587,11.269549218031278,32.29070837166513,1.4305427782888684,14.51241950321987,61077.0,33095.0,12.516099356025759,3.8776448942042316,558800.0,5131145,1.9809999999999999,33.793803999999994,-118.317172
90723,Paramount,ZCTA5 90723,29.074881861141403,30.8,55020.0,54.01126862958924,9.056706652126499,0.8560523446019629,3.2006543075245366,0.9796437659033079,29.238458742275537,81.47764449291166,3.6223191566703017,13.974918211559434,49064.0,16601.0,20.172664485641587,3.435114503816794,304400.0,12133139,4.685,33.898883000000005,-118.166629
90731,San Pedro,ZCTA5 90731,24.153166421207658,36.2,61789.0,56.73016232662772,7.049798507825018,0.6004304973377138,5.055916101571477,0.3333926750716147,21.649484536082475,55.772062988557835,1.4242017187525289,12.64140866497273,49464.0,27417.0,19.872469209729886,4.8924565861237435,508200.0,23718472,9.158,33.736323999999996,-118.279183
90732,San Pedro,ZCTA5 90732,19.577829346661908,45.7,22408.0,69.90806854694752,4.159228846840414,0.1561942163513031,10.91128168511246,0.30346304891110315,6.6181720813995,30.08300606926098,0.8389860764012853,12.861478043555874,89440.0,44696.0,5.868439842913245,4.217243841485184,558700.0,8874359,3.426,33.74212,-118.312878
90744,Wilmington,ZCTA5 90744,30.43730956867856,30.2,56779.0,53.31900878846052,2.1011289385160006,5.609468289332324,2.7985698937987635,0.23424153296112998,32.358794624773246,89.37459271913912,3.4044276933373254,13.772697652301026,43284.0,16215.0,25.507670089293576,3.6509977280332517,353800.0,21596228,8.338,33.779284000000004,-118.261723
90745,Carson,ZCTA5 90745,21.443925968646777,38.3,57219.0,31.152239640678797,7.831314773064891,0.9384994494835631,37.30753770600675,2.2911969800241176,16.12925776402943,43.59391111344134,2.7123857459934637,13.848546811373843,73053.0,24729.0,10.844299970289589,4.837553959349167,380400.0,21495792,8.3,33.822725,-118.264109
90746,Carson,ZCTA5 90746,19.801132131684792,41.3,26852.0,17.47355876657232,60.99359451809921,0.5697899597795323,7.586027111574557,0.42454938179651425,5.15045434232087,18.51631163414271,2.282883956502309,12.274690898257113,81988.0,30941.0,8.81126173096976,4.964248473111873,430400.0,15106968,5.832999999999999,33.859171,-118.25227199999999
90755,Signal Hill,ZCTA5 90755,21.552542958293756,35.4,11581.0,53.75183490199465,10.67265348415508,0.20723598998359383,25.921768413781194,0.6303428028667645,4.878680597530438,28.65901044814783,4.196528797167775,8.436231758915465,75828.0,36207.0,12.356445902771782,3.661169156376824,444300.0,5643682,2.1790000000000003,33.803430999999996,-118.16977
90802,Long Beach,ZCTA5 90802,15.338338388107195,36.3,40226.0,57.45537711927609,16.176105006712078,1.4965445234425496,9.178143489285537,0.8278228011733705,10.120320190921294,36.190523541987766,2.2348729677323123,10.391289215929996,51302.0,35996.0,21.11569631581564,4.0620494207726345,356400.0,16799407,6.486000000000001,33.745762,-118.20804199999999
90803,Long Beach,ZCTA5 90803,11.701332669074604,43.8,32116.0,80.7915057915058,4.131896873832358,0.36119068377132896,7.862124797608669,0.27400672561962885,2.4629468177855274,16.057416863868475,1.622244364179848,7.114833727736953,83861.0,64467.0,8.44438908955038,4.23776310873085,790900.0,10445017,4.033,33.756289,-118.13063600000001
90804,Long Beach,ZCTA5 90804,22.24238657551274,31.2,40225.0,58.90118085767558,11.912989434431324,1.006836544437539,15.16469857054071,0.2858918582970789,8.641392169049098,45.108763206960845,7.515226848974518,10.443753884400248,47437.0,24806.0,23.346177750155377,3.835922933499068,435700.0,5475897,2.114,33.781686,-118.14836499999998
90805,Long Beach,ZCTA5 90805,29.739041730422926,30.6,96069.0,29.071812967762753,19.541163122339153,0.7702796948026939,10.526808856134654,1.4895543827873716,34.438788787225846,58.9034964452633,2.95412672141898,13.938939720409289,47981.0,18614.0,21.921743746682072,5.937399161019684,345200.0,19081709,7.367000000000001,33.864616999999996,-118.180567
90806,Long Beach,ZCTA5 90806,26.87439829055815,33.2,42587.0,44.54645783924672,15.744241200366309,1.7117899828586187,20.520346584638506,1.0543123488388475,13.243478056683964,52.44558198511283,9.615610397539156,11.77824218658276,50615.0,19808.0,22.856740319815906,3.531594148449057,408900.0,8914727,3.4419999999999997,33.805401,-118.187701
90807,Long Beach,ZCTA5 90807,21.561969439728355,40.2,32395.0,49.918197252662445,15.348047538200339,0.42599166538045996,15.829603333847816,0.5895971600555642,11.637598394814015,26.911560425991667,1.2594536193857078,10.365797190924525,75057.0,39844.0,7.152338323815403,3.0467664763080724,559100.0,15119876,5.837999999999999,33.827740000000006,-118.17482
90808,Long Beach,ZCTA5 90808,20.864187907605164,43.0,38487.0,72.25037025489127,5.976043858965365,1.086081014368488,9.670797931769169,0.4676903889625068,4.596357211525969,23.94314963494167,0.8938082989061241,10.749084106321614,102563.0,46047.0,5.6044898277340405,1.9097357549302363,601200.0,17796361,6.871,33.823943,-118.11133500000001
90810,Long Beach,ZCTA5 90810,25.863447599886506,33.3,38769.0,39.71729990456292,12.73440119683252,0.9517913797105935,22.907477623874744,4.392684877092522,14.07567902189894,50.981454254688025,3.657561453738812,14.73342103226805,56061.0,18685.0,18.4864195620212,4.862132115865769,360800.0,17343011,6.696000000000001,33.819841,-118.222378
90813,Long Beach,ZCTA5 90813,31.78961188151309,28.3,60935.0,50.61951259538853,11.743661278411421,3.0294576187741034,13.60137851809305,0.35611717403790927,16.387954377615493,65.92106342824322,7.03700664642652,10.061540986296874,34257.0,14084.0,31.825715926807252,5.274472798884057,339400.0,8312275,3.2089999999999996,33.782259,-118.196793
90814,Long Beach,ZCTA5 90814,15.174690508940852,38.6,18175.0,70.43191196698763,9.54057771664374,0.671251719394773,8.066024759284732,0.07152682255845942,5.3149931224209075,24.18707015130674,2.4319119669876206,9.958734525447042,64623.0,42969.0,14.97111416781293,3.2297111416781292,647700.0,3508044,1.354,33.771615999999995,-118.143627
90815,Long Beach,ZCTA5 90815,19.17292301593201,38.4,40359.0,72.69010629599346,5.676552937386952,0.646695904259273,12.567209296563345,0.1437102009465051,3.1492356103966896,19.40583265194876,1.219058945960009,7.619118412250056,84714.0,39219.0,11.323372729750488,3.171535469164251,588900.0,18441616,7.12,33.794348,-118.116391
90822,Long Beach,ZCTA5 90822,0.0,62.5,143.0,43.35664335664335,12.587412587412587,0.0,12.587412587412587,0.0,2.797202797202797,9.79020979020979,0.0,10.48951048951049,-666666666.0,24363.0,0.0,0.0,-666666666.0,420822,0.162,33.778436,-118.118648
91001,Altadena,ZCTA5 91001,19.795885738648476,43.9,37528.0,49.373800895331485,26.167128544020464,0.42101897250053294,5.350671498614368,0.15188659134512897,12.995629929652527,29.695160946493285,1.0925175868684716,10.23768919206992,91090.0,43263.0,10.117778725218503,3.1123427840545728,649700.0,21382414,8.256,34.194489000000004,-118.138263
91006,Arcadia,ZCTA5 91006,21.759036144578314,43.2,33200.0,30.099397590361445,0.9728915662650602,0.22590361445783133,59.397590361445786,0.3132530120481928,5.015060240963855,13.466867469879517,1.8855421686746987,9.397590361445783,99360.0,42897.0,8.22289156626506,2.7228915662650603,901300.0,16363627,6.318,34.136258000000005,-118.02670400000001
91007,Arcadia,ZCTA5 91007,20.333556480484326,45.2,34357.0,27.14730622580551,1.6328550222662048,0.381290566696743,61.80690980004075,0.08149722036266263,6.3334982681840675,11.610443286666472,2.7592630322787204,12.63497977122566,79964.0,38155.0,9.450766947055913,2.5613412113979686,959600.0,14397336,5.559,34.128284,-118.04773200000001
91008,Duarte,ZCTA5 91008,12.34256926952141,52.7,1191.0,56.25524769101595,2.1830394626364398,1.0915197313182199,37.11167086481948,0.0,1.2594458438287153,9.907640638119227,1.7632241813602014,11.335012594458439,112813.0,70964.0,7.64063811922754,2.1830394626364398,1615400.0,5242977,2.024,34.153159,-117.968818
91010,Duarte,ZCTA5 91010,20.662478583666477,39.3,26265.0,55.19131924614506,7.90405482581382,0.5406434418427565,15.945174186179326,0.05711022272986865,15.377879307062631,54.106225014277555,2.4519322292023604,15.248429468874928,68599.0,28598.0,13.20388349514563,4.770607272035027,412000.0,18233890,7.04,34.141586,-117.957627
91011,La Canada Flintridge,ZCTA5 91011,25.318308210156594,43.5,20499.0,62.71525440265379,0.19025318308210157,0.0,30.11366408117469,0.0,1.8683838236011512,8.678472120591248,0.26342748426752527,3.770915654422167,160288.0,77981.0,2.9659983413825066,1.4683643104541686,1282200.0,30699213,11.853,34.222119,-118.20530600000001
91016,Monrovia,ZCTA5 91016,21.705186489895986,39.4,42013.0,67.09113845714421,4.898483802632518,0.535548520695975,13.67909932639897,0.19755789874562635,9.275700378454287,42.18694213695761,1.1734463142360698,12.748435008211745,71341.0,34909.0,7.9594411253659585,4.627139218813224,583900.0,21986338,8.488999999999999,34.1528,-118.000482
91020,Montrose,ZCTA5 91020,20.40696994503567,41.4,8551.0,63.267454098935794,1.9062098000233891,0.5028651619693603,21.775230967138345,0.24558531165945505,7.3324757338323,29.002455853116594,1.1928429423459244,11.20336802713133,69150.0,32618.0,14.18547538299614,3.2978598994269674,517600.0,1947729,0.752,34.211344,-118.230655
91024,Sierra Madre,ZCTA5 91024,19.808335593526806,46.6,11061.0,79.94756351143658,1.3741976313172408,0.29834553837808514,11.120151885001356,0.23506012114637012,2.2873157942319864,16.246270680770273,0.08136696501220504,8.597775969623,98547.0,55040.0,5.098996474098183,3.3631678871711417,889300.0,7646967,2.9530000000000003,34.168771,-118.05021599999999
91030,South Pasadena,ZCTA5 91030,23.801079414032383,40.0,25940.0,54.76484194294526,3.199691595990748,0.2158828064764842,29.198149575944488,0.07710100231303008,6.322282189668465,20.17733230531997,0.7594448727833462,6.873554356206631,92847.0,54042.0,8.111025443330764,3.0686198920585968,928500.0,8834559,3.411,34.108957000000004,-118.15661499999999
91040,Sunland,ZCTA5 91040,16.426270136307313,46.6,20175.0,81.56629491945478,1.7199504337050806,0.38166047087980176,9.353159851301115,0.0,3.8711276332094178,21.36802973977695,0.9615861214374225,17.090458488228006,77910.0,35561.0,12.312267657992566,2.6022304832713754,492100.0,21245970,8.203,34.261962,-118.336078
91042,Tujunga,ZCTA5 91042,18.235140284678895,41.8,26767.0,77.43116524078155,1.7297418463032839,0.38480218179101133,6.586468412597601,0.57533530093025,9.866626816602533,30.003362349161282,1.7297418463032839,16.70340344453992,53412.0,27827.0,16.213994844397952,4.953861097620204,486500.0,129204644,49.886,34.322618,-118.23756999999999
91046,Verdugo City,ZCTA5 91046,0.0,78.2,160.0,65.0,0.0,0.0,20.625,14.375,0.0,0.0,20.625,46.25,24609.0,25336.0,0.0,0.0,-666666666.0,25914,0.01,34.211452,-118.24103600000001
91101,Pasadena,ZCTA5 91101,12.370288141319561,35.3,20719.0,55.543221197934265,6.911530479270235,0.4681693131907911,22.57830976398475,0.17375355953472657,10.251460012548868,26.883536850234083,1.2983252087455959,8.026449152951397,64223.0,41277.0,21.313769969593128,3.272358704570684,479100.0,3444752,1.33,34.146628,-118.139476
91103,Pasadena,ZCTA5 91103,21.24846140320028,36.4,28435.0,42.72199753824512,17.763319852294707,0.23210831721470018,7.518902760682257,0.049235097590997014,28.791981712678037,53.54316863020925,2.310532794091788,12.407244592931246,69334.0,35756.0,18.079831193951115,2.9857569896254614,637200.0,13953471,5.3870000000000005,34.169538,-118.16494099999998
91104,Pasadena,ZCTA5 91104,21.869416509265402,39.1,39178.0,58.51498289856552,11.506457705855327,0.2373781203736791,9.906069733013426,0.3062943488692634,15.335137066721119,37.720149063249785,1.8632906222880188,11.606003369237838,72189.0,34747.0,15.89157180050028,3.711266527132574,649400.0,9856461,3.806,34.165356,-118.123751
91105,Pasadena,ZCTA5 91105,15.301923238431176,48.7,11907.0,65.74284034601494,6.37440161249685,0.1763668430335097,17.754262198706645,0.0,6.332409507012682,15.20114218526917,1.0917947425883934,5.794910556815319,112765.0,73104.0,9.683379524649366,2.6035105400184766,1018900.0,9562013,3.6919999999999997,34.13946,-118.16664899999999
91106,Pasadena,ZCTA5 91106,15.667804858903411,34.5,25479.0,54.78629459554928,6.008870049844971,0.35715687428862986,22.52443188508183,0.19624004081792848,11.374072765807135,29.055300443502492,0.7103889477609011,6.978295851485537,77380.0,49974.0,13.371796381333647,2.9436006122689276,674600.0,7628701,2.945,34.139402000000004,-118.128658
91107,Pasadena,ZCTA5 91107,18.25833100406845,42.1,32199.0,56.75331532035156,5.351097860181993,0.34783688934438955,24.488338147147427,0.06211373024006957,8.599645951737632,25.270971148172304,1.3758191248175409,8.695922233609739,92266.0,49868.0,9.301531103450417,2.8665486505792104,752100.0,21311977,8.229,34.155533,-118.086178
91108,San Marino,ZCTA5 91108,24.162974798460308,47.0,13769.0,38.33248601931876,1.2637083303072119,0.0,52.14612535405621,0.29777035369307864,5.338078291814947,9.732006681676229,0.8424722202048079,4.212361101024039,152553.0,78504.0,6.579998547461689,1.7648340474980027,1514800.0,9869625,3.8110000000000004,34.122671000000004,-118.11291100000001
91201,Glendale,ZCTA5 91201,15.814369726412682,42.0,23466.0,76.68967868405352,2.032728202505753,0.4176255007244524,9.132361714821444,0.1491519645444473,8.966163811471917,19.581522202335293,3.754368021818802,14.30154265746186,56580.0,31416.0,14.974857240262507,4.8240006818375525,657200.0,6097706,2.354,34.17051,-118.28946299999998
91202,Glendale,ZCTA5 91202,15.231645241998102,43.3,23182.0,74.76059011301872,1.8721421792770252,0.07764644983176602,14.765766543007507,0.0,4.814079889569493,14.808903459580709,1.8031231127599,13.532050729013891,66657.0,36366.0,13.13950478819774,4.2748684324044515,679500.0,5308490,2.05,34.168366,-118.267771
91203,Glendale,ZCTA5 91203,16.966580976863753,37.7,14393.0,69.80476620579448,1.563259918015702,0.0,18.585423469742235,0.06253039672062809,7.316056416313486,17.466824150628778,2.216355172653373,17.876745640241783,51360.0,28105.0,16.452442159383033,5.502674911415271,468100.0,2119995,0.8190000000000001,34.153338,-118.262974
91204,Glendale,ZCTA5 91204,18.206136041052517,35.8,18318.0,64.48848127524839,3.5102085380500054,0.13647778141718528,15.918768424500492,0.0,13.282017687520472,32.37798886341304,2.969756523637952,16.693962222950105,44304.0,21493.0,24.80074243913091,4.7821814608581725,469300.0,2911117,1.124,34.136194,-118.260934
91205,Glendale,ZCTA5 91205,16.57781095057845,40.9,37514.0,74.57215972703524,1.993922269019566,0.2745641627125873,12.675267899984005,0.18126566081996054,7.50919656661513,24.93735672015781,3.993175881004425,15.306285653356081,38730.0,23334.0,21.344031561550356,5.2193847630218055,486400.0,4897494,1.891,34.13658,-118.24583899999999
91206,Glendale,ZCTA5 91206,17.937489266701014,41.7,34938.0,73.28696548171045,1.5226973495907035,0.22325261892495277,18.295265899593566,0.12307516171503807,2.8307287194458755,13.724311637758314,2.2439750415020896,14.1765413017345,57379.0,33560.0,15.908180204934455,4.622474096971779,704400.0,15235318,5.882000000000001,34.160359,-118.213769
91207,Glendale,ZCTA5 91207,18.118195956454123,46.6,10288.0,84.10769828926905,0.4762830482115086,0.4082426127527216,8.816096423017107,0.0,0.942846034214619,8.203732503888025,0.5540435458786936,12.363919129082426,81110.0,53320.0,9.467340590979783,2.6049766718506997,951100.0,11773779,4.546,34.181267,-118.260225
91208,Glendale,ZCTA5 91208,22.944885567491827,42.3,17128.0,75.47290985520785,0.4612330686595049,0.671415226529659,16.32414759458197,0.0,2.0959831854273703,11.69430172816441,0.25105091078935077,9.166277440448388,105000.0,49555.0,7.315506772536198,2.0901447921531995,814800.0,17875560,6.902,34.185665,-118.239497
91210,Glendale,ZCTA5 91210,39.52095808383233,32.1,835.0,79.64071856287426,1.0778443113772456,0.0,18.323353293413174,0.0,0.0,4.790419161676646,0.0,4.910179640718563,155833.0,70039.0,19.281437125748504,0.718562874251497,630700.0,114007,0.044000000000000004,34.144557,-118.25650700000001
91214,La Crescenta,ZCTA5 91214,22.01929592462328,43.1,30991.0,63.34742344551644,0.21296505437062374,0.08066858120099384,28.818043948243037,0.051627891968636055,2.723371301345552,12.284211545287341,0.8195927850020974,10.409473718176244,94322.0,40669.0,5.824271562711755,2.107063340969959,693300.0,19545243,7.546,34.236302,-118.24918500000001
91301,Agoura Hills,ZCTA5 91301,23.09435992008606,43.9,26028.0,82.85692331335486,2.8699861687413555,0.0,8.22191486091901,0.11141847241432304,2.966036575995082,10.773013677577993,0.23052097740894423,8.878899646534501,117615.0,56207.0,6.393115106808053,2.0516366989396033,764100.0,88320169,34.101,34.123286,-118.758541
91302,Calabasas,ZCTA5 91302,23.649056603773584,43.7,26500.0,83.69811320754717,0.6339622641509434,0.3660377358490566,9.437735849056605,0.03018867924528302,0.9245283018867925,7.815094339622641,0.44528301886792454,7.173584905660378,122967.0,73059.0,8.532075471698112,2.8566037735849057,1142400.0,69177312,26.71,34.123305,-118.671025
91303,Canoga Park,ZCTA5 91303,24.99670836076366,31.7,30380.0,55.54970375246873,3.5385121790651746,0.36537195523370636,11.08294930875576,0.250164581961817,26.942067149440422,64.89466754443713,1.9881500987491771,13.04147465437788,51486.0,21929.0,19.99670836076366,3.304805793285056,398300.0,5603155,2.1630000000000003,34.198291999999995,-118.60091299999999
91304,Canoga Park,ZCTA5 91304,22.93247804277696,37.3,53627.0,50.01957968933559,4.786767859473772,0.21630894885039254,15.169597404292613,0.10815447442519627,26.040986816342514,42.90562589740243,1.4041434352098756,14.332332593656181,64367.0,28671.0,14.559829936412628,3.492643631006769,536200.0,24359630,9.405,34.224191999999995,-118.632384
91306,Winnetka,ZCTA5 91306,20.350749732598736,37.4,49551.0,42.74787592581381,3.646747795200904,0.3249177614982543,17.09551774938952,0.21190288793364412,31.3111743456237,52.09380234505863,2.5165990595548022,15.89675284050776,64772.0,25388.0,12.930112409436742,4.0019373978325365,443000.0,10718166,4.138,34.209532,-118.57756299999998
91307,West Hills,ZCTA5 91307,21.301362317776228,44.8,27233.0,70.64223552307861,3.2350457165938384,1.2007490911761465,15.885139352990857,0.011016046708038041,3.943744721477619,14.901039180406125,0.8482355965189292,11.541144934454522,111043.0,45085.0,5.845848786398855,3.605919289097786,615300.0,20872702,8.059,34.200834,-118.6649
91311,Chatsworth,ZCTA5 91311,18.295726837060702,42.5,40064.0,63.513378594249204,4.250698881789138,0.3843849840255591,16.14416932907348,0.09734424920127796,10.932507987220447,27.94029552715655,0.7038738019169329,13.071585463258787,82738.0,40323.0,8.276757188498403,3.272264376996805,533600.0,83084163,32.079,34.292427,-118.602317
91316,Encino,ZCTA5 91316,19.745532245532246,40.8,30888.0,82.62108262108262,3.4803159803159804,0.05827505827505827,8.161745661745663,0.0,0.9291634291634292,13.73996373996374,0.6118881118881119,11.023698523698524,68720.0,42557.0,14.484589484589485,3.71989121989122,633600.0,12968538,5.007,34.160236,-118.515472
91321,Newhall,ZCTA5 91321,24.123442480440453,35.4,34510.0,71.54158215010142,3.9263981454650825,0.9417560127499276,7.829614604462475,0.06664734859461026,10.66067806432918,46.369168356997974,1.9124891335844683,12.22254419008983,66178.0,30797.0,15.601274992755723,4.395827296435816,411800.0,67033849,25.881999999999998,34.368158,-118.48913
91324,Northridge,ZCTA5 91324,18.68708680774725,36.4,30101.0,55.609448191089996,6.425035713099232,0.2192618185442344,16.806750606292148,0.1295638018670476,17.275173582273013,35.948971794956975,1.2889937211388327,11.547789109996346,68477.0,32160.0,14.285239693033454,2.3354705823726785,551000.0,11368503,4.388999999999999,34.238208,-118.55028999999999
91325,Northridge,ZCTA5 91325,18.752920560747665,35.4,34240.0,57.17581775700935,7.266355140186916,0.2102803738317757,17.316004672897197,0.24240654205607476,13.393691588785046,34.91822429906542,1.5712616822429906,11.854556074766355,65129.0,32673.0,16.962616822429908,3.2768691588785046,597200.0,12496665,4.825,34.237519,-118.51771200000002
91326,Porter Ranch,ZCTA5 91326,20.880882512770352,45.3,36804.0,54.200630366264534,3.0051081404195195,0.6194978806651451,32.4394087599174,0.37767633952831214,4.442451907401369,14.634278882730138,1.0161938919682643,10.023367025323335,105611.0,47326.0,6.127051407455712,2.6600369525051626,678100.0,21132529,8.158999999999999,34.281486,-118.556005
91330,Northridge,ZCTA5 91330,1.8451300665456745,19.9,3306.0,39.92740471869328,14.246823956442832,0.12099213551119177,18.78402903811252,0.5747126436781609,19.1167574107683,35.05747126436781,0.0,0.0,-666666666.0,5496.0,0.0,13.369630973986691,-666666666.0,872534,0.337,34.247613,-118.52608300000001
91331,Pacoima,ZCTA5 91331,25.428587647593098,32.4,105696.0,58.296435059037236,3.0720178625491976,0.5515818952467454,5.205495004541326,0.05865879503481684,31.109975779594308,86.87651377535573,4.280199818346957,15.49349076597033,57353.0,17150.0,18.978958522555253,4.810967302452316,359800.0,22928477,8.853,34.255441999999995,-118.421314
91335,Reseda,ZCTA5 91335,22.382571812215293,37.4,79687.0,64.23255989057186,4.349517487168547,0.7441615319939262,11.390816569829457,0.08533386876152949,15.732804597989634,51.23922346179427,2.87248861169325,15.200722828064803,55580.0,24350.0,19.612985806969768,3.5401006437687452,422300.0,17002134,6.565,34.200175,-118.540958
91340,San Fernando,ZCTA5 91340,26.48234603449722,32.6,35771.0,57.605322747477004,2.5160045847194654,0.5758854938357888,1.0371530010343575,0.15655139638254453,36.27239942970563,92.20597690866903,3.5867043135500825,17.72665007967348,54703.0,17682.0,15.7390064577451,3.7684157557798215,366600.0,8757193,3.3810000000000002,34.286687,-118.43508
91342,Sylmar,ZCTA5 91342,26.058205184191646,34.8,96177.0,73.34393877954189,4.067500545868555,0.8993834284704243,5.215384135500171,0.05510673029934392,13.776682574835979,76.13046778335777,3.209707102529711,15.594164925086039,68600.0,22402.0,13.904571779115589,2.9975981783586514,401700.0,142735047,55.11,34.326584000000004,-118.38226100000001
91343,North Hills,ZCTA5 91343,26.300709477897033,33.3,65964.0,44.24231398944879,3.6080286216724273,0.17282153902128433,14.49123764477594,0.3138075313807531,34.19137711478989,61.12879752592323,2.316415014250197,14.701958644108908,61692.0,23308.0,20.784064034928143,4.196228245709781,458500.0,15310107,5.9110000000000005,34.237912,-118.48230600000001
91344,Granada Hills,ZCTA5 91344,19.952107458889117,42.8,53453.0,58.12770097094644,4.140085682749331,0.619235590144613,16.50421865938301,0.18146783155295307,14.893457804052158,31.95891717957832,1.6369520887508653,14.017922286868838,86460.0,36853.0,6.957514077787963,3.5788449666061775,554800.0,42501695,16.41,34.294615,-118.507001
91345,Mission Hills,ZCTA5 91345,20.90211334244559,38.2,19022.0,52.8230469982126,1.9871727473451792,0.49942172221638104,10.57196929870676,0.0,31.21122910314373,67.64272947113868,2.728419724529492,16.112921879928503,74193.0,24210.0,8.979076858374514,4.815476816317948,397300.0,8393836,3.241,34.265879,-118.456748
91350,Santa Clarita,ZCTA5 91350,26.0976069342378,37.4,37149.0,74.74763789065655,3.2302349995962207,0.5222213249347223,10.428275323696466,0.016151174997981105,5.459097149317613,28.75447522140569,0.697192387412851,11.16584564860427,103837.0,37680.0,5.970551024253681,3.2383105870952114,463700.0,43888751,16.945999999999998,34.442163,-118.50084299999999
91351,Canyon Country,ZCTA5 91351,24.359327638467896,36.5,32661.0,69.7590398334405,3.7261565781819295,1.5370013165549126,8.585162732310707,0.006123511221334313,10.970270353020421,44.66182909280181,0.841982792933468,13.499280487431493,76706.0,29051.0,10.449771899207006,4.4946572364593855,376300.0,24789139,9.571,34.441531,-118.44818300000001
91352,Sun Valley,ZCTA5 91352,24.452372011515834,34.2,47934.0,73.49271915550548,1.291358951892185,0.6467225768765386,6.129261067300872,0.03963783535694914,15.84887553719698,73.59077064296741,3.596612008177911,15.631910543664205,52171.0,19165.0,19.430884132348645,3.454750281637251,424500.0,30220678,11.668,34.230854,-118.36585600000001
91354,Valencia,ZCTA5 91354,28.7781609565862,36.9,31027.0,68.53063460856673,5.131014922486866,0.4641119025365005,17.44287233699681,0.26428594449995163,2.4333644889934574,17.062558416862732,0.522125890353563,7.557933412833983,120560.0,45823.0,4.837721984078383,3.5034002642859443,536100.0,22598155,8.725,34.464834,-118.554077
91355,Valencia,ZCTA5 91355,23.141096539737717,40.3,31645.0,71.95133512403223,2.9578132406383313,0.07900142202559646,12.381102859851477,0.09480170643071575,6.1589508611155,20.758413651445725,0.5277294991309843,8.46895244114394,92066.0,42617.0,5.602780850055301,2.8851319323747826,488100.0,40148842,15.502,34.436659999999996,-118.67598400000001
91356,Tarzana,ZCTA5 91356,19.71923812034535,42.1,30346.0,76.76464772951954,4.046661833520068,0.11863178013576749,7.02563764581823,0.0,7.124497462598036,16.130626771238383,1.0083701311540236,11.678639688921109,71654.0,47676.0,9.655308772161076,2.9427272128122324,826400.0,18996187,7.334,34.155097,-118.54755300000001
91364,Woodland Hills,ZCTA5 91364,19.92157152898524,44.2,27031.0,78.3988753653213,5.930228256446302,0.6511042876697125,7.4729014834819285,0.0,4.184084939513891,13.103473789352964,0.5808146202508231,11.168658207243535,100323.0,55162.0,5.848840220487588,4.054603973215937,750800.0,19665919,7.593,34.15404,-118.593153
91367,Woodland Hills,ZCTA5 91367,19.036200138344476,40.8,43370.0,71.36730458842518,4.131888402121282,0.15909614941203598,14.623011298132349,0.11528706479133041,4.277150103758358,11.625547613557758,0.6433018215356237,9.317500576435323,84937.0,48408.0,9.30597186995619,4.051187456767351,629800.0,19245431,7.431,34.177310999999996,-118.61570400000001
91381,Stevenson Ranch,ZCTA5 91381,29.07452508524111,39.2,20530.0,66.21042377009255,3.180711154408183,0.06819288845591817,22.269849001461274,0.0,2.0896249391134925,15.606429615197273,0.6186069167072576,6.770579639551875,121719.0,53662.0,6.371164150024355,4.20847540185095,644900.0,97423625,37.615,34.384728,-118.64733400000001
91384,Castaic,ZCTA5 91384,22.958713246593586,34.6,29283.0,70.01673325820443,5.668818085578663,0.9015469726462453,6.956254482122733,0.43369873305330736,9.032544479732268,37.49274322986033,0.48150804220879007,11.914762831677082,106431.0,30645.0,5.112181128982686,3.10077519379845,456000.0,281274995,108.601,34.506627,-118.699048
91387,Canyon Country,ZCTA5 91387,28.4240171749117,34.2,43319.0,63.52870564879152,6.946143724462707,1.3181283039774694,11.964726794247328,0.0877213232069069,6.756850342805698,36.776010526558785,0.47323345414252405,10.930538562755373,87346.0,33616.0,10.286479373946767,4.208315058057665,450800.0,128267762,49.523999999999994,34.402506,-118.36341999999999
91390,Santa Clarita,ZCTA5 91390,23.49264894216485,42.9,19521.0,79.6424363505968,1.9056400799139388,0.8349982070590646,6.731212540341171,0.19978484708775165,4.14425490497413,21.981455868039546,0.34322012191998363,11.971722760104504,108836.0,40999.0,5.614466472004508,3.59612724757953,540900.0,370679165,143.12,34.469553000000005,-118.54188700000002
91401,Van Nuys,ZCTA5 91401,21.77094767654592,35.7,40995.0,60.74155384803025,4.722527137455788,0.33418709598731555,5.681180631784364,0.004878643737041103,25.39334065129894,42.710086595926334,2.5978777899743872,13.49432857665569,51784.0,29688.0,20.67081351384315,4.402975972679595,613100.0,8943629,3.4530000000000003,34.178483,-118.43179099999999
91402,Panorama City,ZCTA5 91402,26.316306070081467,32.9,71317.0,41.47678674088927,3.044154970063239,0.5188103818163972,15.375015774639987,0.07010951105626989,37.85352720950124,72.49183224196194,3.1030469593505057,15.794270650756483,41669.0,16371.0,25.22820645848816,4.867002257526256,346800.0,9652851,3.727,34.222506,-118.444689
91403,Sherman Oaks,ZCTA5 91403,15.958179681484783,40.3,24677.0,81.70361064959273,6.033958747011387,0.5065445556591158,6.362199619078494,0.06889005956963974,1.0860315273331442,10.045791627831584,0.29987437695019653,7.987194553632937,89552.0,64854.0,5.985330469668112,6.00964460833975,887100.0,9404037,3.6310000000000002,34.147149,-118.463365
91405,Van Nuys,ZCTA5 91405,24.411174000365165,33.6,54770.0,37.894832937739636,4.323534781814862,0.2665692897571663,7.239364615665511,0.06938104801898849,48.031769216724484,63.39967135293043,2.348000730326821,14.480555048384153,41283.0,19811.0,22.914004016797517,5.5577871097316045,418100.0,8570010,3.3089999999999997,34.199824,-118.44760900000001
91406,Van Nuys,ZCTA5 91406,24.544483985765126,35.0,56200.0,42.718861209964416,4.473309608540926,0.3718861209964413,9.45017793594306,0.030249110320284697,40.08362989323843,56.74021352313167,2.7295373665480427,13.809608540925266,51564.0,24247.0,18.47864768683274,4.448398576512456,462600.0,21061183,8.132,34.195685,-118.490752
91411,Van Nuys,ZCTA5 91411,22.697342324474416,33.7,25210.0,69.9880999603332,4.922649742165807,0.05950019833399445,7.901626338754462,0.09916699722332407,14.775882586275287,49.25823086076954,2.046806822689409,11.503371677905593,50332.0,29133.0,20.230067433558112,4.589448631495438,566900.0,5289783,2.042,34.178521999999994,-118.45923400000001
91423,Sherman Oaks,ZCTA5 91423,15.93591153651794,40.0,33641.0,80.21759162926192,5.534912755268868,0.08917689723848875,6.979578490532386,0.23185993282007075,1.423857792574537,12.663119407865402,0.6301834071519872,7.309533010314794,82554.0,61145.0,7.591926518236676,4.473707678130852,835800.0,11300301,4.363,34.148617,-118.433298
91436,Encino,ZCTA5 91436,21.927808571042313,46.1,14794.0,88.48857644991213,1.108557523320265,0.16222793024199,7.563877247532783,0.1216709476814925,0.9395700959848587,6.914965526564823,0.3650128430444775,6.191699337569285,159965.0,89841.0,3.3189130728673786,1.4532918750844936,1143200.0,14749364,5.695,34.149588,-118.48970800000001
91501,Burbank,ZCTA5 91501,17.96381390005744,40.1,20892.0,74.5117748420448,3.848363009764503,0.6796860042121387,8.96994064713766,0.0,6.772927436339269,13.402259237985833,1.7614397855638522,14.062799157572277,64006.0,33965.0,14.043653072946583,5.437488033697109,677300.0,10275269,3.967,34.2044,-118.287527
91502,Burbank,ZCTA5 91502,15.302705023615285,38.6,11645.0,68.86217260626879,3.7440961786174323,0.24044654358093603,10.699871189351652,0.0,13.482181193645342,35.66337483898669,2.0867325032202664,15.83512237011593,41784.0,27460.0,19.604980678402747,4.843280377844568,416500.0,3476597,1.3419999999999999,34.176817,-118.30932299999999
91504,Burbank,ZCTA5 91504,20.78093229911891,38.9,26558.0,65.3061224489796,2.5717297989306425,0.2748700956397319,17.230213118457716,0.041418781534754125,11.273439265004894,24.053016040364486,1.3592891030951126,11.480533172678665,73501.0,37820.0,8.573687777694104,4.1079900594924315,662700.0,12783282,4.936,34.204568,-118.326365
91505,Burbank,ZCTA5 91505,19.024421718230798,37.7,30997.0,70.41326579991612,2.8744717230699743,0.47101332387005196,10.43649385424396,0.0,9.417040358744394,26.64774010388102,0.825886376100913,11.588218214665936,82630.0,41386.0,9.671903732619286,3.7681065909604157,630000.0,13054365,5.04,34.173885,-118.34693700000001
91506,Burbank,ZCTA5 91506,18.070704302548645,43.2,18245.0,75.88928473554398,1.3428336530556317,0.6796382570567279,10.101397643189914,0.12606193477665115,6.27569197040285,27.21293505069882,1.890929021649767,14.135379556042752,72681.0,40848.0,9.07097835023294,4.121677171827898,638500.0,6339998,2.448,34.171188,-118.32391299999999
91601,North Hollywood,ZCTA5 91601,13.598582558169833,33.9,38379.0,68.51663670236327,7.433752833580865,0.4637953047239376,6.839677948878292,0.24232001876025952,12.10036738841554,37.054118137523126,1.6467338909299356,12.598035383933922,50832.0,30944.0,20.70663644180411,5.078298027567159,560800.0,6864383,2.65,34.1692,-118.372498
91602,North Hollywood,ZCTA5 91602,12.336359797297296,39.3,18944.0,72.56123310810811,7.321579391891892,0.5225929054054054,8.102829391891891,0.3325591216216216,4.977829391891892,14.141680743243244,0.30088682432432434,8.324535472972974,78526.0,54748.0,10.441300675675675,6.888724662162162,687000.0,5305166,2.048,34.150818,-118.368159
91604,Studio City,ZCTA5 91604,17.280203642059917,40.9,30642.0,81.32954767965538,5.123686443443639,0.2839240258468768,7.329808759219372,0.23823510214737942,1.41635663468442,11.082827491678088,0.27087004764702044,6.4519287252790285,99745.0,72338.0,6.504144638078454,5.7013249787872855,1004700.0,13340189,5.151,34.140822,-118.39286399999999
91605,North Hollywood,ZCTA5 91605,21.675638529378077,34.1,52386.0,61.0487534837552,4.358034589394113,0.7444737143511625,7.908601534761195,0.10880769671286221,23.685717558126218,59.00049631580957,2.716374603901806,14.857022868705378,43004.0,19286.0,22.70835719467033,4.277860497079373,424300.0,14152237,5.4639999999999995,34.207341,-118.400973
91606,North Hollywood,ZCTA5 91606,21.473665223665222,35.6,44352.0,65.08387445887446,4.3312590187590185,0.30663780663780665,5.735930735930736,0.44417388167388167,21.87725468975469,53.26028138528139,2.509469696969697,15.679112554112555,44773.0,22619.0,19.983315295815295,4.322240259740259,476300.0,8631190,3.333,34.185767,-118.388323
91607,Valley Village,ZCTA5 91607,16.8626326355033,37.4,31383.0,79.30408182774113,7.061147755154065,0.5416945480036963,5.652741930344454,0.03823726221202562,2.205015454226811,21.766561514195583,0.35688111397890576,11.232195774782525,60772.0,40920.0,10.489755600165696,5.675046999968136,699900.0,6318323,2.44,34.165783000000005,-118.399795
91702,Azusa,ZCTA5 91702,22.319765464293233,30.2,61739.0,44.33178379954324,2.554301171058812,1.1904954728777597,10.722557864558869,0.17007078183967994,36.86000745071997,67.71894588509694,2.267610424529066,15.946160449634753,59104.0,19440.0,14.473833395422666,3.9585999125350266,366200.0,438592902,169.342,34.280333,-117.86614099999998
91706,Baldwin Park,ZCTA5 91706,24.717613950320615,33.9,77819.0,35.13923334918208,2.156285739986379,1.8440226679859675,18.504478340765107,0.7157635024865393,39.56745781878462,74.28777033886325,4.014443773371542,19.253652706922473,57240.0,17717.0,14.711060280908262,3.274264639740937,358000.0,34793182,13.434000000000001,34.097409999999996,-117.96826899999999
91711,Claremont,ZCTA5 91711,19.45143909241058,39.3,36933.0,64.8390328432567,5.388135271978989,0.8853870522297133,13.6977770557496,0.05144450762190995,9.314163485230011,27.26558903961227,0.546936344190832,5.997346546448975,97002.0,42252.0,8.155308260904881,2.769880594590204,604300.0,38880648,15.012,34.128066,-117.714773
91722,Covina,ZCTA5 91722,24.465902563120608,35.6,36557.0,46.13890636540197,2.533030609732746,0.771398090652953,11.808955877123397,0.10668271466477008,32.27562436742621,66.97486117569822,1.8737861421889104,16.53308531881719,70632.0,24279.0,7.642859096753016,4.259102223924283,390700.0,10698983,4.131,34.097345000000004,-117.90673600000001
91723,Covina,ZCTA5 91723,27.172782647452088,34.2,20193.0,47.79874213836478,4.546129846976675,1.5450898826325954,11.96949437924033,0.0,28.24246025850542,57.78239984152924,1.0746298222156192,13.351161293517556,63270.0,25839.0,9.047689793492795,3.704253949388402,428700.0,6015593,2.323,34.084747,-117.886844
91724,Covina,ZCTA5 91724,20.143661424966027,41.5,25755.0,54.847602407299554,3.14502038439138,0.43098427489807806,14.979615608619685,0.03882741215298,20.7765482430596,49.44670937682003,1.4754416618132402,14.851485148514852,82821.0,31594.0,10.265967773247914,4.896136672490779,478100.0,16147684,6.235,34.080444,-117.85473400000001
91731,El Monte,ZCTA5 91731,23.61041812194392,35.2,30063.0,44.403419485746596,0.3658982802780827,0.08981139606825667,27.56544589694974,1.0611050128064399,24.797924358846423,66.32072647440376,5.2656088880018626,16.778099324751356,36344.0,15290.0,23.038286265509097,3.412833050593753,404700.0,9881409,3.815,34.078573,-118.043456
91732,El Monte,ZCTA5 91732,23.819563541388046,35.1,63557.0,46.830404204100255,0.5837279921959816,0.722186383875891,29.61278852054062,0.27534339254527435,20.787639441760938,64.71671098384128,4.92156646789496,16.53476407004736,48254.0,17169.0,20.99375363846626,3.238038296332426,401000.0,11956829,4.617,34.07342,-118.015345
91733,South El Monte,ZCTA5 91733,25.326190846651404,35.0,44989.0,52.319455866989706,0.17337571406343774,0.7023939185134144,21.765320411656184,0.2734001644846518,22.7344461979595,74.002533952744,5.463557758563204,16.35288626108604,42758.0,15338.0,22.136522260997133,2.6295316632954724,389000.0,17297453,6.678999999999999,34.046143,-118.05371399999999
91740,Glendora,ZCTA5 91740,20.74653776805923,41.1,26067.0,65.54264011969157,3.3222081559059347,0.6099666244677178,10.219818160893084,0.19181340392066598,14.416695438677255,39.90102428357694,1.7263206352859939,14.159665477423562,76825.0,30471.0,10.925691487321133,4.868224191506503,437200.0,12893761,4.978,34.119367,-117.85505400000001
91741,Glendora,ZCTA5 91741,23.863209319804586,41.9,26610.0,74.07365652010522,1.1800075159714394,0.36076662908680945,11.521984216459977,0.11649755730928223,6.020293122886133,23.968432919954903,0.5787298008267568,9.879744456971064,99474.0,43306.0,7.18902668169861,3.88575723412251,625100.0,38402245,14.827,34.156884999999996,-117.841571
91744,La Puente,ZCTA5 91744,25.067255294198798,32.9,86982.0,36.811064358143064,1.6106780713251017,0.7265871099767768,10.511370168540617,0.15405486192545584,48.13064772021798,83.68742958313214,4.074406198983698,17.289784093260675,63318.0,17824.0,15.076682532018118,4.354924007265871,362000.0,22764789,8.79,34.0313,-117.936777
91745,Hacienda Heights,ZCTA5 91745,19.0673115976812,42.5,54166.0,37.96662112764465,1.113244470701178,0.31015766347893514,39.284791197430124,0.26031089613410624,18.291917438983866,46.019643318687,1.9569471624266144,15.987889081711774,81397.0,31787.0,8.437026917254366,2.8855739762950927,545400.0,33173005,12.808,33.999005,-117.972146
91746,La Puente,ZCTA5 91746,21.847258485639685,36.2,30640.0,37.575065274151434,1.0704960835509139,0.4536553524804178,10.296997389033942,0.1077023498694517,47.715404699738905,84.54308093994779,4.556135770234987,19.334203655352482,64607.0,18286.0,12.398825065274151,4.781331592689295,380700.0,14425428,5.57,34.044416,-117.98536599999998
91748,Rowland Heights,ZCTA5 91748,17.843952965148365,41.4,47114.0,24.065033747930553,1.1482786432907417,0.42662478244258606,61.692915057095554,0.44572738464150785,9.776287303137071,25.302457868149595,2.7316721144458125,14.142293161268412,64983.0,26895.0,13.276308528250626,2.6361591034512033,583900.0,37469301,14.467,33.974883,-117.900676
91750,La Verne,ZCTA5 91750,21.85965840609107,43.3,34017.0,75.10362465825911,4.194961342857983,0.7525648940235764,7.428638621865538,0.10582943822206543,6.990622335890878,35.64100302789782,0.9054296381221154,10.897492430255461,83743.0,38605.0,7.2610753446806005,3.4629743951553635,543500.0,65382645,25.244,34.179642,-117.77431100000001
91754,Monterey Park,ZCTA5 91754,17.551488796279518,43.9,33114.0,14.993658271425984,0.44392100018119224,0.35634474844476655,61.32149543999517,0.6220933744035755,19.0161261098025,30.866098930965755,3.179923899257112,15.211088965392282,58056.0,28466.0,14.582955849489641,2.7420426405749834,573500.0,11744866,4.535,34.052921999999995,-118.14346499999999
91755,Monterey Park,ZCTA5 91755,14.734092047813327,45.5,27942.0,10.38937799728008,0.5797723856560018,0.533247441128051,73.84582349151815,0.719347219239854,12.00701453009806,21.13306134134994,6.237921408632166,19.032281153818623,49755.0,25272.0,17.121179586285876,3.249588433183022,558400.0,8046206,3.1069999999999998,34.050965000000005,-118.11439399999999
91765,Diamond Bar,ZCTA5 91765,19.50715220051479,42.7,47398.0,29.015992235959324,4.71749862863412,0.48103295497700327,53.85248322714038,0.9494071479809275,7.215494324655049,18.116798177138275,1.151947339550192,9.470863749525297,95285.0,36864.0,6.0719861597535765,3.059200810160766,617900.0,48998941,18.919,33.986270000000005,-117.82128200000001
91766,Pomona,ZCTA5 91766,27.609325841152952,30.8,72787.0,58.469232143102474,4.161457403107698,1.8657177792737714,11.420995507439516,0.1840988088532293,19.76726613268853,74.31272067814308,2.934589967988789,12.70556555428854,54163.0,18149.0,19.794743566845728,4.1532141728605385,351400.0,26336886,10.169,34.042286,-117.756106
91767,Pomona,ZCTA5 91767,24.541340014547806,32.9,49492.0,56.43134243918209,8.629677523640185,1.7437161561464478,8.128586438212237,0.30509981411137155,21.132708316495595,66.55419057625475,2.105390770225491,14.091166249090762,54157.0,20770.0,21.3731512163582,5.004849268568657,342000.0,14561294,5.622000000000001,34.083086,-117.737997
91768,Pomona,ZCTA5 91768,24.23453850838824,29.1,36122.0,47.64409501135042,6.605392835391174,1.72194230662754,7.6795304800398645,0.1245778196113172,31.72581806101545,71.29450196556115,2.7462488234317037,13.100049831127844,50044.0,16426.0,19.564254470959526,5.713969326172416,330000.0,22402623,8.65,34.063516,-117.790379
91770,Rosemead,ZCTA5 91770,19.211953548709772,42.0,63981.0,16.5377221362592,0.21881496069145528,0.46107438145699503,60.34760319469843,0.06564448820743658,20.868695393945078,34.37739328863256,7.852331160813367,18.011597192916646,51383.0,19373.0,17.017552085775463,3.288476266391585,480100.0,16634986,6.422999999999999,34.065493,-118.084529
91773,San Dimas,ZCTA5 91773,20.761105484010997,41.1,34555.0,66.94255534654899,2.6248010418173924,0.845029662856316,16.139487773115324,0.43698451743597166,8.349008826508465,33.06323252785415,0.8218781652438142,11.11561279120243,81020.0,35016.0,8.253508898856895,2.537982925770511,514100.0,37044256,14.302999999999999,34.110186,-117.81038999999998
91775,San Gabriel,ZCTA5 91775,21.40244871998728,43.2,25156.0,31.598823342343774,1.2005088249324216,0.6598823342343775,51.20845921450151,0.0278263634918111,12.319128637303228,23.7120368898076,1.7808872634759103,13.583240578788361,81250.0,35010.0,8.324057878836063,1.9995229766258547,723500.0,7945926,3.068,34.115266999999996,-118.088301
91776,San Gabriel,ZCTA5 91776,17.17551276029435,40.4,38322.0,16.530974375032617,0.4697040864255519,0.18788163457022075,64.39643024894316,0.3000887218829915,16.66144773237305,26.206878555398987,4.4047805438129535,20.340796409373205,52051.0,22047.0,15.265382808830436,3.454934502374615,573300.0,8818731,3.405,34.090776,-118.095091
91780,Temple City,ZCTA5 91780,22.001477944520236,42.3,35184.0,22.62107776261937,0.8867667121418826,0.355275125056844,59.757276034561166,0.355275125056844,13.793201455206912,22.038426557526147,3.8938153706230105,13.054229195088677,67910.0,28093.0,12.082196452933152,2.5551386994088223,656000.0,9910649,3.827,34.102077,-118.057754
91789,Walnut,ZCTA5 91789,18.925535532131928,43.5,44115.0,24.78975405190978,2.6385583134988098,0.47602856171370284,60.89992066190638,0.25614870225546865,7.378442706562394,21.3940836450187,1.496089765385923,9.710982658959537,95081.0,35797.0,7.6028561713702825,2.90150742377876,676900.0,40489828,15.633,34.018195,-117.854821
91790,West Covina,ZCTA5 91790,21.789459941685887,37.0,45958.0,39.47082118455982,2.6763566734844857,0.4634666434570695,22.76861482222899,0.11097088646155186,30.44954088515601,61.69110927368467,2.367378911179773,18.410287653944906,74965.0,25115.0,9.010400800731102,4.560685843596327,444300.0,14950672,5.772,34.066964,-117.93700700000001
91791,West Covina,ZCTA5 91791,23.070126351132448,38.2,33953.0,39.64303596147616,4.780137248549465,0.6037758077342208,26.769357641445527,0.12075516154684417,22.91697346331694,50.25181869054281,1.7524224663505434,14.997202014549524,80020.0,30416.0,8.835743527817867,3.7227932730539277,531900.0,17183687,6.635,34.061624,-117.89223500000001
91792,West Covina,ZCTA5 91792,20.989022056601872,37.5,29787.0,24.39654883002652,6.381978715547051,0.6210763084567092,41.464397220263876,0.16785846174505656,23.231611105515828,45.02971094772887,1.5778695404035317,13.935609494074596,70932.0,26240.0,12.414811830664384,4.95518179071407,428500.0,9951077,3.842,34.022581,-117.902359
91801,Alhambra,ZCTA5 91801,17.315394698514417,40.6,54928.0,21.271482668220216,2.233833381881736,0.5133993591610836,51.6184823769298,0.31859889309641715,21.417127876492863,35.952519662103114,3.7649286338479464,16.62540052432275,53644.0,27681.0,16.084692688610545,3.1714244101369067,541200.0,11286777,4.3580000000000005,34.090727,-118.127525
91803,Alhambra,ZCTA5 91803,17.875037329528485,41.7,30137.0,24.438397982546373,0.9556359292563958,0.38490891595049276,48.50515977038192,0.24554534293393504,22.862262335335302,40.85675415602084,3.9585891097322228,16.882901416862993,61424.0,26845.0,12.798221455353884,2.355908020041809,569100.0,8459237,3.266,34.074736,-118.145959
93510,Acton,ZCTA5 93510,16.296579887697806,48.6,7836.0,84.37978560490046,1.9397651863195509,0.2169474221541603,1.697294538029607,0.0,9.52016334864727,20.890760592138847,0.7274119448698315,14.982133741704951,92727.0,39035.0,7.0826952526799385,5.1812149055640635,495900.0,186246217,71.91,34.450905999999996,-118.22761399999999
93532,Lake Hughes,ZCTA5 93532,20.056002800140007,47.3,2857.0,86.20931046552327,1.4350717535876794,0.8750437521876093,1.0850542527126357,0.0,7.770388519425971,24.431221561078054,0.0,25.096254812740636,57667.0,28812.0,16.135806790339515,2.6601330066503324,245000.0,294415598,113.675,34.689848,-118.533689
93534,Lancaster,ZCTA5 93534,26.479599652760047,34.9,39166.0,61.83424398713169,23.311035081448196,0.7225654904764336,3.9166624112750856,0.3089414287902773,6.1098912321911865,38.87300209365266,1.1336363172139101,17.563703211969564,37883.0,17738.0,26.959607823111885,3.0638819384159732,171200.0,45949585,17.741,34.713333,-118.15278799999999
93535,Lancaster,ZCTA5 93535,31.363932291666668,29.7,73728.0,64.62537977430556,21.382649739583332,0.3933376736111111,2.988009982638889,0.1654730902777778,6.587727864583333,46.085611979166664,1.3861762152777777,17.92941623263889,42978.0,16417.0,28.831651475694443,3.2118055555555554,155400.0,668095795,257.953,34.713656,-117.86466000000001
93536,Lancaster,ZCTA5 93536,25.376211379605348,35.8,71303.0,66.71528547185953,16.14378076658766,0.7769659060628585,5.027838940858029,0.0687208111860651,5.701022397374585,29.576595655161775,0.9775184774834158,14.993759028371878,72634.0,26408.0,12.508590101398259,2.7586497061834705,274900.0,628772513,242.77,34.74739,-118.369249
93543,Littlerock,ZCTA5 93543,30.966910767561703,30.8,14748.0,47.23352318958503,9.208028207214538,0.5831299159208028,0.9425006780580417,0.23053973420124763,36.513425549227016,65.4461621914836,5.560075942500678,14.062923786276105,41626.0,17983.0,23.15568212639002,5.119338215351234,201900.0,153856854,59.403999999999996,34.481108,-117.98200600000001
93544,Llano,ZCTA5 93544,17.37943585077343,48.8,1099.0,63.14831665150137,17.106460418562328,0.0,0.0,0.0,12.374886260236579,18.56232939035487,0.0,16.196542311191994,50265.0,28515.0,16.469517743403095,2.001819836214741,229000.0,283743548,109.554,34.495537,-117.75664499999999
93550,Palmdale,ZCTA5 93550,32.61936812099137,28.9,75774.0,37.082640483543166,13.19054029086494,1.3553461609523056,2.452028400242827,0.23622878559928207,41.226542085675824,67.11800881568875,1.8792725737060205,14.180325705387071,39279.0,15557.0,28.23395887771531,4.16501702430913,183900.0,508059889,196.16299999999998,34.408549,-118.12359199999999
93551,Palmdale,ZCTA5 93551,26.075227377832586,37.6,51896.0,59.401495298288886,10.573069215353785,0.7129643903190998,7.4225373824572225,0.501002004008016,14.288191768151687,32.99868968706644,1.4066594727917374,12.88153229535995,87628.0,33704.0,7.40326807461076,4.27200554956066,320900.0,189434351,73.141,34.604105,-118.23921299999999
93552,Palmdale,ZCTA5 93552,32.36205227492739,29.8,41320.0,38.31800580832527,10.936592449177153,0.35333978702807356,3.6132623426911907,0.09196515004840271,41.87318489835431,69.98305905130687,2.4540174249757984,13.874636979670862,60612.0,17824.0,13.518877057115198,4.5256534365924495,212600.0,125543669,48.473,34.570867,-118.023744
93553,Pearblossom,ZCTA5 93553,8.716323296354991,52.4,1893.0,69.78341257263602,2.165874273639725,0.0,0.5282620179609087,0.0,19.387216059165347,32.9635499207607,0.0,16.64025356576862,58105.0,34350.0,11.621764395139989,5.54675118858954,227400.0,223991691,86.484,34.407332000000004,-117.911841
93563,Valyermo,ZCTA5 93563,3.597122302158273,48.9,417.0,72.18225419664269,9.352517985611511,1.6786570743405276,0.7194244604316546,0.0,7.194244604316546,17.026378896882495,0.0,11.510791366906474,83875.0,30861.0,7.913669064748201,0.0,267900.0,104088873,40.189,34.402526,-117.76606799999999
93591,Palmdale,ZCTA5 93591,31.84021148479953,32.5,6809.0,47.73094433837568,11.48479953003378,0.16155088852988692,0.9105595535320898,0.0,34.586576589807606,55.00073432222059,1.806432662652372,15.435453076810104,44487.0,14708.0,27.874871493611398,6.403289763548245,151300.0,213409325,82.398,34.597861,-117.815573
